arch,cpu-clock,isa,l1d_assoc,l1d_cache_lines,l1d_shared_by_threads,l1d_size,l2_assoc,l2_cache_lines,l2_shared_by_threads,l2_size,l3_assoc,l3_cache_lines,l3_shared_by_threads,l3_size,mem-size,mem-type,mem_clock,num-cpus,arch1,PS,runtime
IntelCorei97900X_DDR42666_2GB,3.3,X86_64,8,64,1,32,16,64,1,1024,16,64,10,16,2,DDR4,2666,10,IntelCorei97900X_DDR42666_2GB_sqcif,sqcif,45230
IntelCorei97900X_DDR42666_3GB,3.3,X86_64,8,64,1,32,16,64,1,1024,16,64,10,16,3,DDR4,2666,10,IntelCorei97900X_DDR42666_3GB_sqcif,sqcif,45230
IntelCorei97900X_DDR42666_4GB,3.3,X86_64,8,64,1,32,16,64,1,1024,16,64,10,16,4,DDR4,2666,10,IntelCorei97900X_DDR42666_4GB_sqcif,sqcif,45230
IntelCorei97900X_DDR42666_6GB,3.3,X86_64,8,64,1,32,16,64,1,1024,16,64,10,16,6,DDR4,2666,10,IntelCorei97900X_DDR42666_6GB_sqcif,sqcif,45230
IntelCorei97900X_DDR42666_7GB,3.3,X86_64,8,64,1,32,16,64,1,1024,16,64,10,16,7,DDR4,2666,10,IntelCorei97900X_DDR42666_7GB_sqcif,sqcif,45230
IntelCorei97980X_DDR42666_2GB,2.6,X86_64,8,64,1,32,16,64,1,1024,24,64,18,24,2,DDR4,2666,18,IntelCorei97980X_DDR42666_2GB_sqcif,sqcif,57346
IntelCorei97980X_DDR42666_3GB,2.6,X86_64,8,64,1,32,16,64,1,1024,24,64,18,24,3,DDR4,2666,18,IntelCorei97980X_DDR42666_3GB_sqcif,sqcif,57346
IntelCorei97980X_DDR42666_4GB,2.6,X86_64,8,64,1,32,16,64,1,1024,24,64,18,24,4,DDR4,2666,18,IntelCorei97980X_DDR42666_4GB_sqcif,sqcif,57346
IntelCorei97980X_DDR42666_6GB,2.6,X86_64,8,64,1,32,16,64,1,1024,24,64,18,24,6,DDR4,2666,18,IntelCorei97980X_DDR42666_6GB_sqcif,sqcif,57346
IntelCorei97980X_DDR42666_7GB,2.6,X86_64,8,64,1,32,16,64,1,1024,24,64,18,24,7,DDR4,2666,18,IntelCorei97980X_DDR42666_7GB_sqcif,sqcif,57346
IntelCorei78650U_DDR42400_2GB,1.9,X86_64,8,64,1,32,4,64,1,256,16,64,4,8,2,DDR4,2400,4,IntelCorei78650U_DDR42400_2GB_sqcif,sqcif,78444
IntelCorei78650U_DDR42400_3GB,1.9,X86_64,8,64,1,32,4,64,1,256,16,64,4,8,3,DDR4,2400,4,IntelCorei78650U_DDR42400_3GB_sqcif,sqcif,78444
IntelCorei78650U_DDR42400_4GB,1.9,X86_64,8,64,1,32,4,64,1,256,16,64,4,8,4,DDR4,2400,4,IntelCorei78650U_DDR42400_4GB_sqcif,sqcif,78444
IntelCorei78650U_DDR42400_6GB,1.9,X86_64,8,64,1,32,4,64,1,256,16,64,4,8,6,DDR4,2400,4,IntelCorei78650U_DDR42400_6GB_sqcif,sqcif,78444
IntelCorei78650U_DDR42400_7GB,1.9,X86_64,8,64,1,32,4,64,1,256,16,64,4,8,7,DDR4,2400,4,IntelCorei78650U_DDR42400_7GB_sqcif,sqcif,78444
IntelCorei78650U_LPDDR32133_2GB,1.9,X86_64,8,64,1,32,4,64,1,256,16,64,4,8,2,LPDDR3,2133,4,IntelCorei78650U_LPDDR32133_2GB_sqcif,sqcif,78637
IntelCorei78650U_LPDDR32133_3GB,1.9,X86_64,8,64,1,32,4,64,1,256,16,64,4,8,3,LPDDR3,2133,4,IntelCorei78650U_LPDDR32133_3GB_sqcif,sqcif,78637
IntelCorei78650U_LPDDR32133_4GB,1.9,X86_64,8,64,1,32,4,64,1,256,16,64,4,8,4,LPDDR3,2133,4,IntelCorei78650U_LPDDR32133_4GB_sqcif,sqcif,78637
IntelCorei78650U_LPDDR32133_6GB,1.9,X86_64,8,64,1,32,4,64,1,256,16,64,4,8,6,LPDDR3,2133,4,IntelCorei78650U_LPDDR32133_6GB_sqcif,sqcif,78637
IntelCorei78650U_LPDDR32133_7GB,1.9,X86_64,8,64,1,32,4,64,1,256,16,64,4,8,7,LPDDR3,2133,4,IntelCorei78650U_LPDDR32133_7GB_sqcif,sqcif,78637
IntelCorei77Y75_DDR31600_2GB,1.3,X86_64,8,64,1,32,4,64,1,256,16,64,2,4,2,DDR3,1600,2,IntelCorei77Y75_DDR31600_2GB_sqcif,sqcif,115024
IntelCorei77Y75_DDR31600_3GB,1.3,X86_64,8,64,1,32,4,64,1,256,16,64,2,4,3,DDR3,1600,2,IntelCorei77Y75_DDR31600_3GB_sqcif,sqcif,115024
IntelCorei77Y75_DDR31600_4GB,1.3,X86_64,8,64,1,32,4,64,1,256,16,64,2,4,4,DDR3,1600,2,IntelCorei77Y75_DDR31600_4GB_sqcif,sqcif,115024
IntelCorei77Y75_DDR31600_6GB,1.3,X86_64,8,64,1,32,4,64,1,256,16,64,2,4,6,DDR3,1600,2,IntelCorei77Y75_DDR31600_6GB_sqcif,sqcif,115024
IntelCorei77Y75_DDR31600_7GB,1.3,X86_64,8,64,1,32,4,64,1,256,16,64,2,4,7,DDR3,1600,2,IntelCorei77Y75_DDR31600_7GB_sqcif,sqcif,115024
IntelCorei77Y75_LPDDR31866_2GB,1.3,X86_64,8,64,1,32,4,64,1,256,16,64,2,4,2,LPDDR3,1866,2,IntelCorei77Y75_LPDDR31866_2GB_sqcif,sqcif,115258
IntelCorei77Y75_LPDDR31866_3GB,1.3,X86_64,8,64,1,32,4,64,1,256,16,64,2,4,3,LPDDR3,1866,2,IntelCorei77Y75_LPDDR31866_3GB_sqcif,sqcif,115258
IntelCorei77Y75_LPDDR31866_4GB,1.3,X86_64,8,64,1,32,4,64,1,256,16,64,2,4,4,LPDDR3,1866,2,IntelCorei77Y75_LPDDR31866_4GB_sqcif,sqcif,115258
IntelCorei77Y75_LPDDR31866_6GB,1.3,X86_64,8,64,1,32,4,64,1,256,16,64,2,4,6,LPDDR3,1866,2,IntelCorei77Y75_LPDDR31866_6GB_sqcif,sqcif,115258
IntelCorei77Y75_LPDDR31866_7GB,1.3,X86_64,8,64,1,32,4,64,1,256,16,64,2,4,7,LPDDR3,1866,2,IntelCorei77Y75_LPDDR31866_7GB_sqcif,sqcif,115258
IntelCorei77660U_DDR31600_2GB,2.5,X86_64,8,64,1,32,4,64,1,256,16,64,2,4,2,DDR3,1600,2,IntelCorei77660U_DDR31600_2GB_sqcif,sqcif,59986
IntelCorei77660U_DDR31600_3GB,2.5,X86_64,8,64,1,32,4,64,1,256,16,64,2,4,3,DDR3,1600,2,IntelCorei77660U_DDR31600_3GB_sqcif,sqcif,59986
IntelCorei77660U_DDR31600_4GB,2.5,X86_64,8,64,1,32,4,64,1,256,16,64,2,4,4,DDR3,1600,2,IntelCorei77660U_DDR31600_4GB_sqcif,sqcif,59986
IntelCorei77660U_DDR31600_6GB,2.5,X86_64,8,64,1,32,4,64,1,256,16,64,2,4,6,DDR3,1600,2,IntelCorei77660U_DDR31600_6GB_sqcif,sqcif,59986
IntelCorei77660U_DDR31600_7GB,2.5,X86_64,8,64,1,32,4,64,1,256,16,64,2,4,7,DDR3,1600,2,IntelCorei77660U_DDR31600_7GB_sqcif,sqcif,59986
IntelCorei77660U_LPDDR31866_2GB,2.5,X86_64,8,64,1,32,4,64,1,256,16,64,2,4,2,LPDDR3,1866,2,IntelCorei77660U_LPDDR31866_2GB_sqcif,sqcif,59795
IntelCorei77660U_LPDDR31866_3GB,2.5,X86_64,8,64,1,32,4,64,1,256,16,64,2,4,3,LPDDR3,1866,2,IntelCorei77660U_LPDDR31866_3GB_sqcif,sqcif,59795
IntelCorei77660U_LPDDR31866_4GB,2.5,X86_64,8,64,1,32,4,64,1,256,16,64,2,4,4,LPDDR3,1866,2,IntelCorei77660U_LPDDR31866_4GB_sqcif,sqcif,59795
IntelCorei77660U_LPDDR31866_6GB,2.5,X86_64,8,64,1,32,4,64,1,256,16,64,2,4,6,LPDDR3,1866,2,IntelCorei77660U_LPDDR31866_6GB_sqcif,sqcif,59795
IntelCorei77660U_LPDDR31866_7GB,2.5,X86_64,8,64,1,32,4,64,1,256,16,64,2,4,7,LPDDR3,1866,2,IntelCorei77660U_LPDDR31866_7GB_sqcif,sqcif,59795
IntelCorei77660U_DDR42133_2GB,2.5,X86_64,8,64,1,32,4,64,1,256,16,64,2,4,2,DDR4,2133,2,IntelCorei77660U_DDR42133_2GB_sqcif,sqcif,59832
IntelCorei77660U_DDR42133_3GB,2.5,X86_64,8,64,1,32,4,64,1,256,16,64,2,4,3,DDR4,2133,2,IntelCorei77660U_DDR42133_3GB_sqcif,sqcif,59832
IntelCorei77660U_DDR42133_4GB,2.5,X86_64,8,64,1,32,4,64,1,256,16,64,2,4,4,DDR4,2133,2,IntelCorei77660U_DDR42133_4GB_sqcif,sqcif,59832
IntelCorei77660U_DDR42133_6GB,2.5,X86_64,8,64,1,32,4,64,1,256,16,64,2,4,6,DDR4,2133,2,IntelCorei77660U_DDR42133_6GB_sqcif,sqcif,59832
IntelCorei77660U_DDR42133_7GB,2.5,X86_64,8,64,1,32,4,64,1,256,16,64,2,4,7,DDR4,2133,2,IntelCorei77660U_DDR42133_7GB_sqcif,sqcif,59832
IntelCorei77567U_DDR31600_2GB,3.5,X86_64,8,64,1,32,4,64,1,256,16,64,2,4,2,DDR3,1600,2,IntelCorei77567U_DDR31600_2GB_sqcif,sqcif,42857
IntelCorei77567U_DDR31600_3GB,3.5,X86_64,8,64,1,32,4,64,1,256,16,64,2,4,3,DDR3,1600,2,IntelCorei77567U_DDR31600_3GB_sqcif,sqcif,42857
IntelCorei77567U_DDR31600_4GB,3.5,X86_64,8,64,1,32,4,64,1,256,16,64,2,4,4,DDR3,1600,2,IntelCorei77567U_DDR31600_4GB_sqcif,sqcif,42857
IntelCorei77567U_DDR31600_6GB,3.5,X86_64,8,64,1,32,4,64,1,256,16,64,2,4,6,DDR3,1600,2,IntelCorei77567U_DDR31600_6GB_sqcif,sqcif,42857
IntelCorei77567U_DDR31600_7GB,3.5,X86_64,8,64,1,32,4,64,1,256,16,64,2,4,7,DDR3,1600,2,IntelCorei77567U_DDR31600_7GB_sqcif,sqcif,42857
IntelCorei77567U_LPDDR31866_2GB,3.5,X86_64,8,64,1,32,4,64,1,256,16,64,2,4,2,LPDDR3,1866,2,IntelCorei77567U_LPDDR31866_2GB_sqcif,sqcif,42605
IntelCorei77567U_LPDDR31866_3GB,3.5,X86_64,8,64,1,32,4,64,1,256,16,64,2,4,3,LPDDR3,1866,2,IntelCorei77567U_LPDDR31866_3GB_sqcif,sqcif,42605
IntelCorei77567U_LPDDR31866_4GB,3.5,X86_64,8,64,1,32,4,64,1,256,16,64,2,4,4,LPDDR3,1866,2,IntelCorei77567U_LPDDR31866_4GB_sqcif,sqcif,42605
IntelCorei77567U_LPDDR31866_6GB,3.5,X86_64,8,64,1,32,4,64,1,256,16,64,2,4,6,LPDDR3,1866,2,IntelCorei77567U_LPDDR31866_6GB_sqcif,sqcif,42605
IntelCorei77567U_LPDDR31866_7GB,3.5,X86_64,8,64,1,32,4,64,1,256,16,64,2,4,7,LPDDR3,1866,2,IntelCorei77567U_LPDDR31866_7GB_sqcif,sqcif,42605
IntelCorei77567U_DDR42133_2GB,3.5,X86_64,8,64,1,32,4,64,1,256,16,64,2,4,2,DDR4,2133,2,IntelCorei77567U_DDR42133_2GB_sqcif,sqcif,42885
IntelCorei77567U_DDR42133_3GB,3.5,X86_64,8,64,1,32,4,64,1,256,16,64,2,4,3,DDR4,2133,2,IntelCorei77567U_DDR42133_3GB_sqcif,sqcif,42885
IntelCorei77567U_DDR42133_4GB,3.5,X86_64,8,64,1,32,4,64,1,256,16,64,2,4,4,DDR4,2133,2,IntelCorei77567U_DDR42133_4GB_sqcif,sqcif,42885
IntelCorei77567U_DDR42133_6GB,3.5,X86_64,8,64,1,32,4,64,1,256,16,64,2,4,6,DDR4,2133,2,IntelCorei77567U_DDR42133_6GB_sqcif,sqcif,42885
IntelCorei77567U_DDR42133_7GB,3.5,X86_64,8,64,1,32,4,64,1,256,16,64,2,4,7,DDR4,2133,2,IntelCorei77567U_DDR42133_7GB_sqcif,sqcif,42885
IntelCorei77820HK_DDR31600_2GB,2.9,X86_64,8,64,1,32,4,64,1,256,16,64,4,8,2,DDR3,1600,4,IntelCorei77820HK_DDR31600_2GB_sqcif,sqcif,51641
IntelCorei77820HK_DDR31600_3GB,2.9,X86_64,8,64,1,32,4,64,1,256,16,64,4,8,3,DDR3,1600,4,IntelCorei77820HK_DDR31600_3GB_sqcif,sqcif,51641
IntelCorei77820HK_DDR31600_4GB,2.9,X86_64,8,64,1,32,4,64,1,256,16,64,4,8,4,DDR3,1600,4,IntelCorei77820HK_DDR31600_4GB_sqcif,sqcif,51641
IntelCorei77820HK_DDR31600_6GB,2.9,X86_64,8,64,1,32,4,64,1,256,16,64,4,8,6,DDR3,1600,4,IntelCorei77820HK_DDR31600_6GB_sqcif,sqcif,51641
IntelCorei77820HK_DDR31600_7GB,2.9,X86_64,8,64,1,32,4,64,1,256,16,64,4,8,7,DDR3,1600,4,IntelCorei77820HK_DDR31600_7GB_sqcif,sqcif,51641
IntelCorei77820HK_LPDDR32133_2GB,2.9,X86_64,8,64,1,32,4,64,1,256,16,64,4,8,2,LPDDR3,2133,4,IntelCorei77820HK_LPDDR32133_2GB_sqcif,sqcif,51687
IntelCorei77820HK_LPDDR32133_3GB,2.9,X86_64,8,64,1,32,4,64,1,256,16,64,4,8,3,LPDDR3,2133,4,IntelCorei77820HK_LPDDR32133_3GB_sqcif,sqcif,51687
IntelCorei77820HK_LPDDR32133_4GB,2.9,X86_64,8,64,1,32,4,64,1,256,16,64,4,8,4,LPDDR3,2133,4,IntelCorei77820HK_LPDDR32133_4GB_sqcif,sqcif,51687
IntelCorei77820HK_LPDDR32133_6GB,2.9,X86_64,8,64,1,32,4,64,1,256,16,64,4,8,6,LPDDR3,2133,4,IntelCorei77820HK_LPDDR32133_6GB_sqcif,sqcif,51687
IntelCorei77820HK_LPDDR32133_7GB,2.9,X86_64,8,64,1,32,4,64,1,256,16,64,4,8,7,LPDDR3,2133,4,IntelCorei77820HK_LPDDR32133_7GB_sqcif,sqcif,51687
IntelCorei77820HK_DDR42400_2GB,2.9,X86_64,8,64,1,32,4,64,1,256,16,64,4,8,2,DDR4,2400,4,IntelCorei77820HK_DDR42400_2GB_sqcif,sqcif,51315
IntelCorei77820HK_DDR42400_3GB,2.9,X86_64,8,64,1,32,4,64,1,256,16,64,4,8,3,DDR4,2400,4,IntelCorei77820HK_DDR42400_3GB_sqcif,sqcif,51315
IntelCorei77820HK_DDR42400_4GB,2.9,X86_64,8,64,1,32,4,64,1,256,16,64,4,8,4,DDR4,2400,4,IntelCorei77820HK_DDR42400_4GB_sqcif,sqcif,51315
IntelCorei77820HK_DDR42400_6GB,2.9,X86_64,8,64,1,32,4,64,1,256,16,64,4,8,6,DDR4,2400,4,IntelCorei77820HK_DDR42400_6GB_sqcif,sqcif,51315
IntelCorei77820HK_DDR42400_7GB,2.9,X86_64,8,64,1,32,4,64,1,256,16,64,4,8,7,DDR4,2400,4,IntelCorei77820HK_DDR42400_7GB_sqcif,sqcif,51315
IntelCorei76822EQ_DDR31600_2GB,2,X86_64,8,64,1,32,4,64,1,256,16,64,4,8,2,DDR3,1600,4,IntelCorei76822EQ_DDR31600_2GB_sqcif,sqcif,74325
IntelCorei76822EQ_DDR31600_3GB,2,X86_64,8,64,1,32,4,64,1,256,16,64,4,8,3,DDR3,1600,4,IntelCorei76822EQ_DDR31600_3GB_sqcif,sqcif,74325
IntelCorei76822EQ_DDR31600_4GB,2,X86_64,8,64,1,32,4,64,1,256,16,64,4,8,4,DDR3,1600,4,IntelCorei76822EQ_DDR31600_4GB_sqcif,sqcif,74325
IntelCorei76822EQ_DDR31600_6GB,2,X86_64,8,64,1,32,4,64,1,256,16,64,4,8,6,DDR3,1600,4,IntelCorei76822EQ_DDR31600_6GB_sqcif,sqcif,74325
IntelCorei76822EQ_DDR31600_7GB,2,X86_64,8,64,1,32,4,64,1,256,16,64,4,8,7,DDR3,1600,4,IntelCorei76822EQ_DDR31600_7GB_sqcif,sqcif,74325
IntelCorei76822EQ_LPDDR31866_2GB,2,X86_64,8,64,1,32,4,64,1,256,16,64,4,8,2,LPDDR3,1866,4,IntelCorei76822EQ_LPDDR31866_2GB_sqcif,sqcif,74941
IntelCorei76822EQ_LPDDR31866_3GB,2,X86_64,8,64,1,32,4,64,1,256,16,64,4,8,3,LPDDR3,1866,4,IntelCorei76822EQ_LPDDR31866_3GB_sqcif,sqcif,74941
IntelCorei76822EQ_LPDDR31866_4GB,2,X86_64,8,64,1,32,4,64,1,256,16,64,4,8,4,LPDDR3,1866,4,IntelCorei76822EQ_LPDDR31866_4GB_sqcif,sqcif,74941
IntelCorei76822EQ_LPDDR31866_6GB,2,X86_64,8,64,1,32,4,64,1,256,16,64,4,8,6,LPDDR3,1866,4,IntelCorei76822EQ_LPDDR31866_6GB_sqcif,sqcif,74941
IntelCorei76822EQ_LPDDR31866_7GB,2,X86_64,8,64,1,32,4,64,1,256,16,64,4,8,7,LPDDR3,1866,4,IntelCorei76822EQ_LPDDR31866_7GB_sqcif,sqcif,74941
IntelCorei76822EQ_DDR42133_2GB,2,X86_64,8,64,1,32,4,64,1,256,16,64,4,8,2,DDR4,2133,4,IntelCorei76822EQ_DDR42133_2GB_sqcif,sqcif,74729
IntelCorei76822EQ_DDR42133_3GB,2,X86_64,8,64,1,32,4,64,1,256,16,64,4,8,3,DDR4,2133,4,IntelCorei76822EQ_DDR42133_3GB_sqcif,sqcif,74729
IntelCorei76822EQ_DDR42133_4GB,2,X86_64,8,64,1,32,4,64,1,256,16,64,4,8,4,DDR4,2133,4,IntelCorei76822EQ_DDR42133_4GB_sqcif,sqcif,74729
IntelCorei76822EQ_DDR42133_6GB,2,X86_64,8,64,1,32,4,64,1,256,16,64,4,8,6,DDR4,2133,4,IntelCorei76822EQ_DDR42133_6GB_sqcif,sqcif,74729
IntelCorei76822EQ_DDR42133_7GB,2,X86_64,8,64,1,32,4,64,1,256,16,64,4,8,7,DDR4,2133,4,IntelCorei76822EQ_DDR42133_7GB_sqcif,sqcif,74729
IntelCorei76820EQ_LPDDR31866_2GB,2.8,X86_64,8,64,1,32,4,64,1,256,16,64,4,8,2,LPDDR3,1866,4,IntelCorei76820EQ_LPDDR31866_2GB_sqcif,sqcif,53311
IntelCorei76820EQ_LPDDR31866_3GB,2.8,X86_64,8,64,1,32,4,64,1,256,16,64,4,8,3,LPDDR3,1866,4,IntelCorei76820EQ_LPDDR31866_3GB_sqcif,sqcif,53311
IntelCorei76820EQ_LPDDR31866_4GB,2.8,X86_64,8,64,1,32,4,64,1,256,16,64,4,8,4,LPDDR3,1866,4,IntelCorei76820EQ_LPDDR31866_4GB_sqcif,sqcif,53311
IntelCorei76820EQ_LPDDR31866_6GB,2.8,X86_64,8,64,1,32,4,64,1,256,16,64,4,8,6,LPDDR3,1866,4,IntelCorei76820EQ_LPDDR31866_6GB_sqcif,sqcif,53311
IntelCorei76820EQ_LPDDR31866_7GB,2.8,X86_64,8,64,1,32,4,64,1,256,16,64,4,8,7,LPDDR3,1866,4,IntelCorei76820EQ_LPDDR31866_7GB_sqcif,sqcif,53311
IntelCorei76820EQ_DDR42133_2GB,2.8,X86_64,8,64,1,32,4,64,1,256,16,64,4,8,2,DDR4,2133,4,IntelCorei76820EQ_DDR42133_2GB_sqcif,sqcif,53209
IntelCorei76820EQ_DDR42133_3GB,2.8,X86_64,8,64,1,32,4,64,1,256,16,64,4,8,3,DDR4,2133,4,IntelCorei76820EQ_DDR42133_3GB_sqcif,sqcif,53209
IntelCorei76820EQ_DDR42133_4GB,2.8,X86_64,8,64,1,32,4,64,1,256,16,64,4,8,4,DDR4,2133,4,IntelCorei76820EQ_DDR42133_4GB_sqcif,sqcif,53209
IntelCorei76820EQ_DDR42133_6GB,2.8,X86_64,8,64,1,32,4,64,1,256,16,64,4,8,6,DDR4,2133,4,IntelCorei76820EQ_DDR42133_6GB_sqcif,sqcif,53209
IntelCorei76820EQ_DDR42133_7GB,2.8,X86_64,8,64,1,32,4,64,1,256,16,64,4,8,7,DDR4,2133,4,IntelCorei76820EQ_DDR42133_7GB_sqcif,sqcif,53209
IntelCorei76700HQ_DDR31600_2GB,2.6,X86_64,8,64,1,32,4,64,1,256,12,64,4,6,2,DDR3,1600,4,IntelCorei76700HQ_DDR31600_2GB_sqcif,sqcif,57433
IntelCorei76700HQ_DDR31600_3GB,2.6,X86_64,8,64,1,32,4,64,1,256,12,64,4,6,3,DDR3,1600,4,IntelCorei76700HQ_DDR31600_3GB_sqcif,sqcif,57433
IntelCorei76700HQ_DDR31600_4GB,2.6,X86_64,8,64,1,32,4,64,1,256,12,64,4,6,4,DDR3,1600,4,IntelCorei76700HQ_DDR31600_4GB_sqcif,sqcif,57433
IntelCorei76700HQ_DDR31600_6GB,2.6,X86_64,8,64,1,32,4,64,1,256,12,64,4,6,6,DDR3,1600,4,IntelCorei76700HQ_DDR31600_6GB_sqcif,sqcif,57433
IntelCorei76700HQ_DDR31600_7GB,2.6,X86_64,8,64,1,32,4,64,1,256,12,64,4,6,7,DDR3,1600,4,IntelCorei76700HQ_DDR31600_7GB_sqcif,sqcif,57433
IntelCorei58350U_DDR42400_2GB,1.7,X86_64,8,64,1,32,4,64,1,256,12,64,4,6,2,DDR4,2400,4,IntelCorei58350U_DDR42400_2GB_sqcif,sqcif,87780
IntelCorei58350U_DDR42400_3GB,1.7,X86_64,8,64,1,32,4,64,1,256,12,64,4,6,3,DDR4,2400,4,IntelCorei58350U_DDR42400_3GB_sqcif,sqcif,87780
IntelCorei58350U_DDR42400_4GB,1.7,X86_64,8,64,1,32,4,64,1,256,12,64,4,6,4,DDR4,2400,4,IntelCorei58350U_DDR42400_4GB_sqcif,sqcif,87780
IntelCorei58350U_DDR42400_6GB,1.7,X86_64,8,64,1,32,4,64,1,256,12,64,4,6,6,DDR4,2400,4,IntelCorei58350U_DDR42400_6GB_sqcif,sqcif,87780
IntelCorei58350U_DDR42400_7GB,1.7,X86_64,8,64,1,32,4,64,1,256,12,64,4,6,7,DDR4,2400,4,IntelCorei58350U_DDR42400_7GB_sqcif,sqcif,87780
IntelCorei58350U_LPDDR32133_2GB,1.7,X86_64,8,64,1,32,4,64,1,256,12,64,4,6,2,LPDDR3,2133,4,IntelCorei58350U_LPDDR32133_2GB_sqcif,sqcif,87843
IntelCorei58350U_LPDDR32133_3GB,1.7,X86_64,8,64,1,32,4,64,1,256,12,64,4,6,3,LPDDR3,2133,4,IntelCorei58350U_LPDDR32133_3GB_sqcif,sqcif,87843
IntelCorei58350U_LPDDR32133_4GB,1.7,X86_64,8,64,1,32,4,64,1,256,12,64,4,6,4,LPDDR3,2133,4,IntelCorei58350U_LPDDR32133_4GB_sqcif,sqcif,87843
IntelCorei58350U_LPDDR32133_6GB,1.7,X86_64,8,64,1,32,4,64,1,256,12,64,4,6,6,LPDDR3,2133,4,IntelCorei58350U_LPDDR32133_6GB_sqcif,sqcif,87843
IntelCorei58350U_LPDDR32133_7GB,1.7,X86_64,8,64,1,32,4,64,1,256,12,64,4,6,7,LPDDR3,2133,4,IntelCorei58350U_LPDDR32133_7GB_sqcif,sqcif,87843
IntelCorei57300U_DDR42133_2GB,2.6,X86_64,8,64,1,32,4,64,1,256,12,64,2,3,2,DDR4,2133,2,IntelCorei57300U_DDR42133_2GB_sqcif,sqcif,57137
IntelCorei57300U_DDR42133_3GB,2.6,X86_64,8,64,1,32,4,64,1,256,12,64,2,3,3,DDR4,2133,2,IntelCorei57300U_DDR42133_3GB_sqcif,sqcif,57137
IntelCorei57300U_DDR42133_4GB,2.6,X86_64,8,64,1,32,4,64,1,256,12,64,2,3,4,DDR4,2133,2,IntelCorei57300U_DDR42133_4GB_sqcif,sqcif,57137
IntelCorei57300U_DDR42133_6GB,2.6,X86_64,8,64,1,32,4,64,1,256,12,64,2,3,6,DDR4,2133,2,IntelCorei57300U_DDR42133_6GB_sqcif,sqcif,57137
IntelCorei57300U_DDR42133_7GB,2.6,X86_64,8,64,1,32,4,64,1,256,12,64,2,3,7,DDR4,2133,2,IntelCorei57300U_DDR42133_7GB_sqcif,sqcif,57137
IntelCorei57440EQ_DDR31600_2GB,2.9,X86_64,8,64,1,32,4,64,1,256,12,64,4,6,2,DDR3,1600,4,IntelCorei57440EQ_DDR31600_2GB_sqcif,sqcif,51641
IntelCorei57440EQ_DDR31600_3GB,2.9,X86_64,8,64,1,32,4,64,1,256,12,64,4,6,3,DDR3,1600,4,IntelCorei57440EQ_DDR31600_3GB_sqcif,sqcif,51641
IntelCorei57440EQ_DDR31600_4GB,2.9,X86_64,8,64,1,32,4,64,1,256,12,64,4,6,4,DDR3,1600,4,IntelCorei57440EQ_DDR31600_4GB_sqcif,sqcif,51641
IntelCorei57440EQ_DDR31600_6GB,2.9,X86_64,8,64,1,32,4,64,1,256,12,64,4,6,6,DDR3,1600,4,IntelCorei57440EQ_DDR31600_6GB_sqcif,sqcif,51641
IntelCorei57440EQ_DDR31600_7GB,2.9,X86_64,8,64,1,32,4,64,1,256,12,64,4,6,7,DDR3,1600,4,IntelCorei57440EQ_DDR31600_7GB_sqcif,sqcif,51641
IntelCorei57440EQ_DDR42400_2GB,2.9,X86_64,8,64,1,32,4,64,1,256,12,64,4,6,2,DDR4,2400,4,IntelCorei57440EQ_DDR42400_2GB_sqcif,sqcif,51315
IntelCorei57440EQ_DDR42400_3GB,2.9,X86_64,8,64,1,32,4,64,1,256,12,64,4,6,3,DDR4,2400,4,IntelCorei57440EQ_DDR42400_3GB_sqcif,sqcif,51315
IntelCorei57440EQ_DDR42400_4GB,2.9,X86_64,8,64,1,32,4,64,1,256,12,64,4,6,4,DDR4,2400,4,IntelCorei57440EQ_DDR42400_4GB_sqcif,sqcif,51315
IntelCorei57440EQ_DDR42400_6GB,2.9,X86_64,8,64,1,32,4,64,1,256,12,64,4,6,6,DDR4,2400,4,IntelCorei57440EQ_DDR42400_6GB_sqcif,sqcif,51315
IntelCorei57440EQ_DDR42400_7GB,2.9,X86_64,8,64,1,32,4,64,1,256,12,64,4,6,7,DDR4,2400,4,IntelCorei57440EQ_DDR42400_7GB_sqcif,sqcif,51315
IntelCorei57300HQ_LPDDR32133_2GB,2.5,X86_64,8,64,1,32,4,64,1,256,12,64,4,6,2,LPDDR3,2133,4,IntelCorei57300HQ_LPDDR32133_2GB_sqcif,sqcif,59723
IntelCorei57300HQ_LPDDR32133_3GB,2.5,X86_64,8,64,1,32,4,64,1,256,12,64,4,6,3,LPDDR3,2133,4,IntelCorei57300HQ_LPDDR32133_3GB_sqcif,sqcif,59723
IntelCorei57300HQ_LPDDR32133_4GB,2.5,X86_64,8,64,1,32,4,64,1,256,12,64,4,6,4,LPDDR3,2133,4,IntelCorei57300HQ_LPDDR32133_4GB_sqcif,sqcif,59723
IntelCorei57300HQ_LPDDR32133_6GB,2.5,X86_64,8,64,1,32,4,64,1,256,12,64,4,6,6,LPDDR3,2133,4,IntelCorei57300HQ_LPDDR32133_6GB_sqcif,sqcif,59723
IntelCorei57300HQ_LPDDR32133_7GB,2.5,X86_64,8,64,1,32,4,64,1,256,12,64,4,6,7,LPDDR3,2133,4,IntelCorei57300HQ_LPDDR32133_7GB_sqcif,sqcif,59723
IntelCorei56360U_DDR31600_2GB,2,X86_64,8,64,1,32,4,64,1,256,16,64,2,4,2,DDR3,1600,2,IntelCorei56360U_DDR31600_2GB_sqcif,sqcif,74325
IntelCorei56360U_DDR31600_3GB,2,X86_64,8,64,1,32,4,64,1,256,16,64,2,4,3,DDR3,1600,2,IntelCorei56360U_DDR31600_3GB_sqcif,sqcif,74325
IntelCorei56360U_DDR31600_4GB,2,X86_64,8,64,1,32,4,64,1,256,16,64,2,4,4,DDR3,1600,2,IntelCorei56360U_DDR31600_4GB_sqcif,sqcif,74325
IntelCorei56360U_DDR31600_6GB,2,X86_64,8,64,1,32,4,64,1,256,16,64,2,4,6,DDR3,1600,2,IntelCorei56360U_DDR31600_6GB_sqcif,sqcif,74325
IntelCorei56360U_DDR31600_7GB,2,X86_64,8,64,1,32,4,64,1,256,16,64,2,4,7,DDR3,1600,2,IntelCorei56360U_DDR31600_7GB_sqcif,sqcif,74325
IntelCorei56360U_LPDDR32133_2GB,2,X86_64,8,64,1,32,4,64,1,256,16,64,2,4,2,LPDDR3,2133,2,IntelCorei56360U_LPDDR32133_2GB_sqcif,sqcif,74689
IntelCorei56360U_LPDDR32133_3GB,2,X86_64,8,64,1,32,4,64,1,256,16,64,2,4,3,LPDDR3,2133,2,IntelCorei56360U_LPDDR32133_3GB_sqcif,sqcif,74689
IntelCorei56360U_LPDDR32133_4GB,2,X86_64,8,64,1,32,4,64,1,256,16,64,2,4,4,LPDDR3,2133,2,IntelCorei56360U_LPDDR32133_4GB_sqcif,sqcif,74689
IntelCorei56360U_LPDDR32133_6GB,2,X86_64,8,64,1,32,4,64,1,256,16,64,2,4,6,LPDDR3,2133,2,IntelCorei56360U_LPDDR32133_6GB_sqcif,sqcif,74689
IntelCorei56360U_LPDDR32133_7GB,2,X86_64,8,64,1,32,4,64,1,256,16,64,2,4,7,LPDDR3,2133,2,IntelCorei56360U_LPDDR32133_7GB_sqcif,sqcif,74689
IntelCorei56360U_DDR42133_2GB,2,X86_64,8,64,1,32,4,64,1,256,16,64,2,4,2,DDR4,2133,2,IntelCorei56360U_DDR42133_2GB_sqcif,sqcif,74729
IntelCorei56360U_DDR42133_3GB,2,X86_64,8,64,1,32,4,64,1,256,16,64,2,4,3,DDR4,2133,2,IntelCorei56360U_DDR42133_3GB_sqcif,sqcif,74729
IntelCorei56360U_DDR42133_4GB,2,X86_64,8,64,1,32,4,64,1,256,16,64,2,4,4,DDR4,2133,2,IntelCorei56360U_DDR42133_4GB_sqcif,sqcif,74729
IntelCorei56360U_DDR42133_6GB,2,X86_64,8,64,1,32,4,64,1,256,16,64,2,4,6,DDR4,2133,2,IntelCorei56360U_DDR42133_6GB_sqcif,sqcif,74729
IntelCorei56360U_DDR42133_7GB,2,X86_64,8,64,1,32,4,64,1,256,16,64,2,4,7,DDR4,2133,2,IntelCorei56360U_DDR42133_7GB_sqcif,sqcif,74729
IntelCorei56300U_LPDDR32133_2GB,2.4,X86_64,8,64,1,32,4,64,1,256,12,64,2,3,2,LPDDR3,2133,2,IntelCorei56300U_LPDDR32133_2GB_sqcif,sqcif,61956
IntelCorei56300U_LPDDR32133_3GB,2.4,X86_64,8,64,1,32,4,64,1,256,12,64,2,3,3,LPDDR3,2133,2,IntelCorei56300U_LPDDR32133_3GB_sqcif,sqcif,61956
IntelCorei56300U_LPDDR32133_4GB,2.4,X86_64,8,64,1,32,4,64,1,256,12,64,2,3,4,LPDDR3,2133,2,IntelCorei56300U_LPDDR32133_4GB_sqcif,sqcif,61956
IntelCorei56300U_LPDDR32133_6GB,2.4,X86_64,8,64,1,32,4,64,1,256,12,64,2,3,6,LPDDR3,2133,2,IntelCorei56300U_LPDDR32133_6GB_sqcif,sqcif,61956
IntelCorei56300U_LPDDR32133_7GB,2.4,X86_64,8,64,1,32,4,64,1,256,12,64,2,3,7,LPDDR3,2133,2,IntelCorei56300U_LPDDR32133_7GB_sqcif,sqcif,61956
IntelCorei56442EQ_DDR31600_2GB,1.9,X86_64,8,64,1,32,4,64,1,256,12,64,4,6,2,DDR3,1600,4,IntelCorei56442EQ_DDR31600_2GB_sqcif,sqcif,78861
IntelCorei56442EQ_DDR31600_3GB,1.9,X86_64,8,64,1,32,4,64,1,256,12,64,4,6,3,DDR3,1600,4,IntelCorei56442EQ_DDR31600_3GB_sqcif,sqcif,78861
IntelCorei56442EQ_DDR31600_4GB,1.9,X86_64,8,64,1,32,4,64,1,256,12,64,4,6,4,DDR3,1600,4,IntelCorei56442EQ_DDR31600_4GB_sqcif,sqcif,78861
IntelCorei56442EQ_DDR31600_6GB,1.9,X86_64,8,64,1,32,4,64,1,256,12,64,4,6,6,DDR3,1600,4,IntelCorei56442EQ_DDR31600_6GB_sqcif,sqcif,78861
IntelCorei56442EQ_DDR31600_7GB,1.9,X86_64,8,64,1,32,4,64,1,256,12,64,4,6,7,DDR3,1600,4,IntelCorei56442EQ_DDR31600_7GB_sqcif,sqcif,78861
IntelCorei56442EQ_LPDDR31866_2GB,1.9,X86_64,8,64,1,32,4,64,1,256,12,64,4,6,2,LPDDR3,1866,4,IntelCorei56442EQ_LPDDR31866_2GB_sqcif,sqcif,78680
IntelCorei56442EQ_LPDDR31866_3GB,1.9,X86_64,8,64,1,32,4,64,1,256,12,64,4,6,3,LPDDR3,1866,4,IntelCorei56442EQ_LPDDR31866_3GB_sqcif,sqcif,78680
IntelCorei56442EQ_LPDDR31866_4GB,1.9,X86_64,8,64,1,32,4,64,1,256,12,64,4,6,4,LPDDR3,1866,4,IntelCorei56442EQ_LPDDR31866_4GB_sqcif,sqcif,78680
IntelCorei56442EQ_LPDDR31866_6GB,1.9,X86_64,8,64,1,32,4,64,1,256,12,64,4,6,6,LPDDR3,1866,4,IntelCorei56442EQ_LPDDR31866_6GB_sqcif,sqcif,78680
IntelCorei56442EQ_LPDDR31866_7GB,1.9,X86_64,8,64,1,32,4,64,1,256,12,64,4,6,7,LPDDR3,1866,4,IntelCorei56442EQ_LPDDR31866_7GB_sqcif,sqcif,78680
IntelCorei56442EQ_DDR42133_2GB,1.9,X86_64,8,64,1,32,4,64,1,256,12,64,4,6,2,DDR4,2133,4,IntelCorei56442EQ_DDR42133_2GB_sqcif,sqcif,78440
IntelCorei56442EQ_DDR42133_3GB,1.9,X86_64,8,64,1,32,4,64,1,256,12,64,4,6,3,DDR4,2133,4,IntelCorei56442EQ_DDR42133_3GB_sqcif,sqcif,78440
IntelCorei56442EQ_DDR42133_4GB,1.9,X86_64,8,64,1,32,4,64,1,256,12,64,4,6,4,DDR4,2133,4,IntelCorei56442EQ_DDR42133_4GB_sqcif,sqcif,78440
IntelCorei56442EQ_DDR42133_6GB,1.9,X86_64,8,64,1,32,4,64,1,256,12,64,4,6,6,DDR4,2133,4,IntelCorei56442EQ_DDR42133_6GB_sqcif,sqcif,78440
IntelCorei56442EQ_DDR42133_7GB,1.9,X86_64,8,64,1,32,4,64,1,256,12,64,4,6,7,DDR4,2133,4,IntelCorei56442EQ_DDR42133_7GB_sqcif,sqcif,78440
IntelCorei56440EQ_LPDDR31866_2GB,2.7,X86_64,8,64,1,32,4,64,1,256,12,64,4,6,2,LPDDR3,1866,4,IntelCorei56440EQ_LPDDR31866_2GB_sqcif,sqcif,55272
IntelCorei56440EQ_LPDDR31866_3GB,2.7,X86_64,8,64,1,32,4,64,1,256,12,64,4,6,3,LPDDR3,1866,4,IntelCorei56440EQ_LPDDR31866_3GB_sqcif,sqcif,55272
IntelCorei56440EQ_LPDDR31866_4GB,2.7,X86_64,8,64,1,32,4,64,1,256,12,64,4,6,4,LPDDR3,1866,4,IntelCorei56440EQ_LPDDR31866_4GB_sqcif,sqcif,55272
IntelCorei56440EQ_LPDDR31866_6GB,2.7,X86_64,8,64,1,32,4,64,1,256,12,64,4,6,6,LPDDR3,1866,4,IntelCorei56440EQ_LPDDR31866_6GB_sqcif,sqcif,55272
IntelCorei56440EQ_LPDDR31866_7GB,2.7,X86_64,8,64,1,32,4,64,1,256,12,64,4,6,7,LPDDR3,1866,4,IntelCorei56440EQ_LPDDR31866_7GB_sqcif,sqcif,55272
IntelCorei56440EQ_DDR42133_2GB,2.7,X86_64,8,64,1,32,4,64,1,256,12,64,4,6,2,DDR4,2133,4,IntelCorei56440EQ_DDR42133_2GB_sqcif,sqcif,55302
IntelCorei56440EQ_DDR42133_3GB,2.7,X86_64,8,64,1,32,4,64,1,256,12,64,4,6,3,DDR4,2133,4,IntelCorei56440EQ_DDR42133_3GB_sqcif,sqcif,55302
IntelCorei56440EQ_DDR42133_4GB,2.7,X86_64,8,64,1,32,4,64,1,256,12,64,4,6,4,DDR4,2133,4,IntelCorei56440EQ_DDR42133_4GB_sqcif,sqcif,55302
IntelCorei56440EQ_DDR42133_6GB,2.7,X86_64,8,64,1,32,4,64,1,256,12,64,4,6,6,DDR4,2133,4,IntelCorei56440EQ_DDR42133_6GB_sqcif,sqcif,55302
IntelCorei56440EQ_DDR42133_7GB,2.7,X86_64,8,64,1,32,4,64,1,256,12,64,4,6,7,DDR4,2133,4,IntelCorei56440EQ_DDR42133_7GB_sqcif,sqcif,55302
IntelCorei38130U_DDR42400_2GB,2.2,X86_64,8,64,1,32,4,64,1,256,16,64,2,4,2,DDR4,2400,2,IntelCorei38130U_DDR42400_2GB_sqcif,sqcif,67802
IntelCorei38130U_DDR42400_3GB,2.2,X86_64,8,64,1,32,4,64,1,256,16,64,2,4,3,DDR4,2400,2,IntelCorei38130U_DDR42400_3GB_sqcif,sqcif,67802
IntelCorei38130U_DDR42400_4GB,2.2,X86_64,8,64,1,32,4,64,1,256,16,64,2,4,4,DDR4,2400,2,IntelCorei38130U_DDR42400_4GB_sqcif,sqcif,67802
IntelCorei38130U_DDR42400_6GB,2.2,X86_64,8,64,1,32,4,64,1,256,16,64,2,4,6,DDR4,2400,2,IntelCorei38130U_DDR42400_6GB_sqcif,sqcif,67802
IntelCorei38130U_DDR42400_7GB,2.2,X86_64,8,64,1,32,4,64,1,256,16,64,2,4,7,DDR4,2400,2,IntelCorei38130U_DDR42400_7GB_sqcif,sqcif,67802
IntelCorei38130U_LPDDR32133_2GB,2.2,X86_64,8,64,1,32,4,64,1,256,16,64,2,4,2,LPDDR3,2133,2,IntelCorei38130U_LPDDR32133_2GB_sqcif,sqcif,67968
IntelCorei38130U_LPDDR32133_3GB,2.2,X86_64,8,64,1,32,4,64,1,256,16,64,2,4,3,LPDDR3,2133,2,IntelCorei38130U_LPDDR32133_3GB_sqcif,sqcif,67968
IntelCorei38130U_LPDDR32133_4GB,2.2,X86_64,8,64,1,32,4,64,1,256,16,64,2,4,4,LPDDR3,2133,2,IntelCorei38130U_LPDDR32133_4GB_sqcif,sqcif,67968
IntelCorei38130U_LPDDR32133_6GB,2.2,X86_64,8,64,1,32,4,64,1,256,16,64,2,4,6,LPDDR3,2133,2,IntelCorei38130U_LPDDR32133_6GB_sqcif,sqcif,67968
IntelCorei38130U_LPDDR32133_7GB,2.2,X86_64,8,64,1,32,4,64,1,256,16,64,2,4,7,LPDDR3,2133,2,IntelCorei38130U_LPDDR32133_7GB_sqcif,sqcif,67968
IntelCorei37100U_DDR31600_2GB,2.4,X86_64,8,64,1,32,4,64,1,256,12,64,2,3,2,DDR3,1600,2,IntelCorei37100U_DDR31600_2GB_sqcif,sqcif,62228
IntelCorei37100U_DDR31600_3GB,2.4,X86_64,8,64,1,32,4,64,1,256,12,64,2,3,3,DDR3,1600,2,IntelCorei37100U_DDR31600_3GB_sqcif,sqcif,62228
IntelCorei37100U_DDR31600_4GB,2.4,X86_64,8,64,1,32,4,64,1,256,12,64,2,3,4,DDR3,1600,2,IntelCorei37100U_DDR31600_4GB_sqcif,sqcif,62228
IntelCorei37100U_DDR31600_6GB,2.4,X86_64,8,64,1,32,4,64,1,256,12,64,2,3,6,DDR3,1600,2,IntelCorei37100U_DDR31600_6GB_sqcif,sqcif,62228
IntelCorei37100U_DDR31600_7GB,2.4,X86_64,8,64,1,32,4,64,1,256,12,64,2,3,7,DDR3,1600,2,IntelCorei37100U_DDR31600_7GB_sqcif,sqcif,62228
IntelCorei37167U_DDR31600_2GB,2.8,X86_64,8,64,1,32,4,64,1,256,12,64,2,3,2,DDR3,1600,2,IntelCorei37167U_DDR31600_2GB_sqcif,sqcif,53775
IntelCorei37167U_DDR31600_3GB,2.8,X86_64,8,64,1,32,4,64,1,256,12,64,2,3,3,DDR3,1600,2,IntelCorei37167U_DDR31600_3GB_sqcif,sqcif,53775
IntelCorei37167U_DDR31600_4GB,2.8,X86_64,8,64,1,32,4,64,1,256,12,64,2,3,4,DDR3,1600,2,IntelCorei37167U_DDR31600_4GB_sqcif,sqcif,53775
IntelCorei37167U_DDR31600_6GB,2.8,X86_64,8,64,1,32,4,64,1,256,12,64,2,3,6,DDR3,1600,2,IntelCorei37167U_DDR31600_6GB_sqcif,sqcif,53775
IntelCorei37167U_DDR31600_7GB,2.8,X86_64,8,64,1,32,4,64,1,256,12,64,2,3,7,DDR3,1600,2,IntelCorei37167U_DDR31600_7GB_sqcif,sqcif,53775
IntelCorei37167U_LPDDR31866_2GB,2.8,X86_64,8,64,1,32,4,64,1,256,12,64,2,3,2,LPDDR3,1866,2,IntelCorei37167U_LPDDR31866_2GB_sqcif,sqcif,53311
IntelCorei37167U_LPDDR31866_3GB,2.8,X86_64,8,64,1,32,4,64,1,256,12,64,2,3,3,LPDDR3,1866,2,IntelCorei37167U_LPDDR31866_3GB_sqcif,sqcif,53311
IntelCorei37167U_LPDDR31866_4GB,2.8,X86_64,8,64,1,32,4,64,1,256,12,64,2,3,4,LPDDR3,1866,2,IntelCorei37167U_LPDDR31866_4GB_sqcif,sqcif,53311
IntelCorei37167U_LPDDR31866_6GB,2.8,X86_64,8,64,1,32,4,64,1,256,12,64,2,3,6,LPDDR3,1866,2,IntelCorei37167U_LPDDR31866_6GB_sqcif,sqcif,53311
IntelCorei37167U_LPDDR31866_7GB,2.8,X86_64,8,64,1,32,4,64,1,256,12,64,2,3,7,LPDDR3,1866,2,IntelCorei37167U_LPDDR31866_7GB_sqcif,sqcif,53311
IntelCorei37167U_DDR42133_2GB,2.8,X86_64,8,64,1,32,4,64,1,256,12,64,2,3,2,DDR4,2133,2,IntelCorei37167U_DDR42133_2GB_sqcif,sqcif,53209
IntelCorei37167U_DDR42133_3GB,2.8,X86_64,8,64,1,32,4,64,1,256,12,64,2,3,3,DDR4,2133,2,IntelCorei37167U_DDR42133_3GB_sqcif,sqcif,53209
IntelCorei37167U_DDR42133_4GB,2.8,X86_64,8,64,1,32,4,64,1,256,12,64,2,3,4,DDR4,2133,2,IntelCorei37167U_DDR42133_4GB_sqcif,sqcif,53209
IntelCorei37167U_DDR42133_6GB,2.8,X86_64,8,64,1,32,4,64,1,256,12,64,2,3,6,DDR4,2133,2,IntelCorei37167U_DDR42133_6GB_sqcif,sqcif,53209
IntelCorei37167U_DDR42133_7GB,2.8,X86_64,8,64,1,32,4,64,1,256,12,64,2,3,7,DDR4,2133,2,IntelCorei37167U_DDR42133_7GB_sqcif,sqcif,53209
IntelCorei37102E_DDR31600_2GB,2.1,X86_64,8,64,1,32,4,64,1,256,12,64,2,3,2,DDR3,1600,2,IntelCorei37102E_DDR31600_2GB_sqcif,sqcif,71150
IntelCorei37102E_DDR31600_3GB,2.1,X86_64,8,64,1,32,4,64,1,256,12,64,2,3,3,DDR3,1600,2,IntelCorei37102E_DDR31600_3GB_sqcif,sqcif,71150
IntelCorei37102E_DDR31600_4GB,2.1,X86_64,8,64,1,32,4,64,1,256,12,64,2,3,4,DDR3,1600,2,IntelCorei37102E_DDR31600_4GB_sqcif,sqcif,71150
IntelCorei37102E_DDR31600_6GB,2.1,X86_64,8,64,1,32,4,64,1,256,12,64,2,3,6,DDR3,1600,2,IntelCorei37102E_DDR31600_6GB_sqcif,sqcif,71150
IntelCorei37102E_DDR31600_7GB,2.1,X86_64,8,64,1,32,4,64,1,256,12,64,2,3,7,DDR3,1600,2,IntelCorei37102E_DDR31600_7GB_sqcif,sqcif,71150
IntelCorei37102E_DDR42133_2GB,2.1,X86_64,8,64,1,32,4,64,1,256,12,64,2,3,2,DDR4,2133,2,IntelCorei37102E_DDR42133_2GB_sqcif,sqcif,70856
IntelCorei37102E_DDR42133_3GB,2.1,X86_64,8,64,1,32,4,64,1,256,12,64,2,3,3,DDR4,2133,2,IntelCorei37102E_DDR42133_3GB_sqcif,sqcif,70856
IntelCorei37102E_DDR42133_4GB,2.1,X86_64,8,64,1,32,4,64,1,256,12,64,2,3,4,DDR4,2133,2,IntelCorei37102E_DDR42133_4GB_sqcif,sqcif,70856
IntelCorei37102E_DDR42133_6GB,2.1,X86_64,8,64,1,32,4,64,1,256,12,64,2,3,6,DDR4,2133,2,IntelCorei37102E_DDR42133_6GB_sqcif,sqcif,70856
IntelCorei37102E_DDR42133_7GB,2.1,X86_64,8,64,1,32,4,64,1,256,12,64,2,3,7,DDR4,2133,2,IntelCorei37102E_DDR42133_7GB_sqcif,sqcif,70856
IntelCorei36100U_LPDDR31600_2GB,2.3,X86_64,8,64,1,32,4,64,1,256,12,64,2,3,2,LPDDR3,1600,2,IntelCorei36100U_LPDDR31600_2GB_sqcif,sqcif,65482
IntelCorei36100U_LPDDR31600_3GB,2.3,X86_64,8,64,1,32,4,64,1,256,12,64,2,3,3,LPDDR3,1600,2,IntelCorei36100U_LPDDR31600_3GB_sqcif,sqcif,65482
IntelCorei36100U_LPDDR31600_4GB,2.3,X86_64,8,64,1,32,4,64,1,256,12,64,2,3,4,LPDDR3,1600,2,IntelCorei36100U_LPDDR31600_4GB_sqcif,sqcif,65482
IntelCorei36100U_LPDDR31600_6GB,2.3,X86_64,8,64,1,32,4,64,1,256,12,64,2,3,6,LPDDR3,1600,2,IntelCorei36100U_LPDDR31600_6GB_sqcif,sqcif,65482
IntelCorei36100U_LPDDR31600_7GB,2.3,X86_64,8,64,1,32,4,64,1,256,12,64,2,3,7,LPDDR3,1600,2,IntelCorei36100U_LPDDR31600_7GB_sqcif,sqcif,65482
IntelCorei36100U_LPDDR31866_2GB,2.3,X86_64,8,64,1,32,4,64,1,256,12,64,2,3,2,LPDDR3,1866,2,IntelCorei36100U_LPDDR31866_2GB_sqcif,sqcif,65047
IntelCorei36100U_LPDDR31866_3GB,2.3,X86_64,8,64,1,32,4,64,1,256,12,64,2,3,3,LPDDR3,1866,2,IntelCorei36100U_LPDDR31866_3GB_sqcif,sqcif,65047
IntelCorei36100U_LPDDR31866_4GB,2.3,X86_64,8,64,1,32,4,64,1,256,12,64,2,3,4,LPDDR3,1866,2,IntelCorei36100U_LPDDR31866_4GB_sqcif,sqcif,65047
IntelCorei36100U_LPDDR31866_6GB,2.3,X86_64,8,64,1,32,4,64,1,256,12,64,2,3,6,LPDDR3,1866,2,IntelCorei36100U_LPDDR31866_6GB_sqcif,sqcif,65047
IntelCorei36100U_LPDDR31866_7GB,2.3,X86_64,8,64,1,32,4,64,1,256,12,64,2,3,7,LPDDR3,1866,2,IntelCorei36100U_LPDDR31866_7GB_sqcif,sqcif,65047
IntelCorei36100U_DDR41866_2GB,2.3,X86_64,8,64,1,32,4,64,1,256,12,64,2,3,2,DDR4,1866,2,IntelCorei36100U_DDR41866_2GB_sqcif,sqcif,64885
IntelCorei36100U_DDR41866_3GB,2.3,X86_64,8,64,1,32,4,64,1,256,12,64,2,3,3,DDR4,1866,2,IntelCorei36100U_DDR41866_3GB_sqcif,sqcif,64885
IntelCorei36100U_DDR41866_4GB,2.3,X86_64,8,64,1,32,4,64,1,256,12,64,2,3,4,DDR4,1866,2,IntelCorei36100U_DDR41866_4GB_sqcif,sqcif,64885
IntelCorei36100U_DDR41866_6GB,2.3,X86_64,8,64,1,32,4,64,1,256,12,64,2,3,6,DDR4,1866,2,IntelCorei36100U_DDR41866_6GB_sqcif,sqcif,64885
IntelCorei36100U_DDR41866_7GB,2.3,X86_64,8,64,1,32,4,64,1,256,12,64,2,3,7,DDR4,1866,2,IntelCorei36100U_DDR41866_7GB_sqcif,sqcif,64885
IntelCorei36167U_LPDDR31600_2GB,2.7,X86_64,8,64,1,32,4,64,1,256,12,64,2,3,2,LPDDR3,1600,2,IntelCorei36167U_LPDDR31600_2GB_sqcif,sqcif,55417
IntelCorei36167U_LPDDR31600_3GB,2.7,X86_64,8,64,1,32,4,64,1,256,12,64,2,3,3,LPDDR3,1600,2,IntelCorei36167U_LPDDR31600_3GB_sqcif,sqcif,55417
IntelCorei36167U_LPDDR31600_4GB,2.7,X86_64,8,64,1,32,4,64,1,256,12,64,2,3,4,LPDDR3,1600,2,IntelCorei36167U_LPDDR31600_4GB_sqcif,sqcif,55417
IntelCorei36167U_LPDDR31600_6GB,2.7,X86_64,8,64,1,32,4,64,1,256,12,64,2,3,6,LPDDR3,1600,2,IntelCorei36167U_LPDDR31600_6GB_sqcif,sqcif,55417
IntelCorei36167U_LPDDR31600_7GB,2.7,X86_64,8,64,1,32,4,64,1,256,12,64,2,3,7,LPDDR3,1600,2,IntelCorei36167U_LPDDR31600_7GB_sqcif,sqcif,55417
IntelCorei36167U_DDR41866_2GB,2.7,X86_64,8,64,1,32,4,64,1,256,12,64,2,3,2,DDR4,1866,2,IntelCorei36167U_DDR41866_2GB_sqcif,sqcif,54997
IntelCorei36167U_DDR41866_3GB,2.7,X86_64,8,64,1,32,4,64,1,256,12,64,2,3,3,DDR4,1866,2,IntelCorei36167U_DDR41866_3GB_sqcif,sqcif,54997
IntelCorei36167U_DDR41866_4GB,2.7,X86_64,8,64,1,32,4,64,1,256,12,64,2,3,4,DDR4,1866,2,IntelCorei36167U_DDR41866_4GB_sqcif,sqcif,54997
IntelCorei36167U_DDR41866_6GB,2.7,X86_64,8,64,1,32,4,64,1,256,12,64,2,3,6,DDR4,1866,2,IntelCorei36167U_DDR41866_6GB_sqcif,sqcif,54997
IntelCorei36167U_DDR41866_7GB,2.7,X86_64,8,64,1,32,4,64,1,256,12,64,2,3,7,DDR4,1866,2,IntelCorei36167U_DDR41866_7GB_sqcif,sqcif,54997
AdvMicDevRyzen31200_DDR42666_2GB,3.1,X86_64,8,64,1,32,8,64,1,512,16,64,4,8,2,DDR4,2666,4,AdvMicDevRyzen31200_DDR42666_2GB_sqcif,sqcif,48268
AdvMicDevRyzen31200_DDR42666_3GB,3.1,X86_64,8,64,1,32,8,64,1,512,16,64,4,8,3,DDR4,2666,4,AdvMicDevRyzen31200_DDR42666_3GB_sqcif,sqcif,48268
AdvMicDevRyzen31200_DDR42666_4GB,3.1,X86_64,8,64,1,32,8,64,1,512,16,64,4,8,4,DDR4,2666,4,AdvMicDevRyzen31200_DDR42666_4GB_sqcif,sqcif,48268
AdvMicDevRyzen31200_DDR42666_6GB,3.1,X86_64,8,64,1,32,8,64,1,512,16,64,4,8,6,DDR4,2666,4,AdvMicDevRyzen31200_DDR42666_6GB_sqcif,sqcif,48268
AdvMicDevRyzen31200_DDR42666_7GB,3.1,X86_64,8,64,1,32,8,64,1,512,16,64,4,8,7,DDR4,2666,4,AdvMicDevRyzen31200_DDR42666_7GB_sqcif,sqcif,48268
AdvMicDevRyzen51500X_DDR42666_2GB,3.5,X86_64,8,64,1,32,8,64,1,512,16,64,4,16,2,DDR4,2666,4,AdvMicDevRyzen51500X_DDR42666_2GB_sqcif,sqcif,42608
AdvMicDevRyzen51500X_DDR42666_3GB,3.5,X86_64,8,64,1,32,8,64,1,512,16,64,4,16,3,DDR4,2666,4,AdvMicDevRyzen51500X_DDR42666_3GB_sqcif,sqcif,42608
AdvMicDevRyzen51500X_DDR42666_4GB,3.5,X86_64,8,64,1,32,8,64,1,512,16,64,4,16,4,DDR4,2666,4,AdvMicDevRyzen51500X_DDR42666_4GB_sqcif,sqcif,42608
AdvMicDevRyzen51500X_DDR42666_6GB,3.5,X86_64,8,64,1,32,8,64,1,512,16,64,4,16,6,DDR4,2666,4,AdvMicDevRyzen51500X_DDR42666_6GB_sqcif,sqcif,42608
AdvMicDevRyzen51500X_DDR42666_7GB,3.5,X86_64,8,64,1,32,8,64,1,512,16,64,4,16,7,DDR4,2666,4,AdvMicDevRyzen51500X_DDR42666_7GB_sqcif,sqcif,42608
AdvMicDevRyzen51600X_DDR42666_2GB,3.6,X86_64,8,64,1,32,8,64,1,512,16,64,6,16,2,DDR4,2666,6,AdvMicDevRyzen51600X_DDR42666_2GB_sqcif,sqcif,41817
AdvMicDevRyzen51600X_DDR42666_3GB,3.6,X86_64,8,64,1,32,8,64,1,512,16,64,6,16,3,DDR4,2666,6,AdvMicDevRyzen51600X_DDR42666_3GB_sqcif,sqcif,41817
AdvMicDevRyzen51600X_DDR42666_4GB,3.6,X86_64,8,64,1,32,8,64,1,512,16,64,6,16,4,DDR4,2666,6,AdvMicDevRyzen51600X_DDR42666_4GB_sqcif,sqcif,41817
AdvMicDevRyzen51600X_DDR42666_6GB,3.6,X86_64,8,64,1,32,8,64,1,512,16,64,6,16,6,DDR4,2666,6,AdvMicDevRyzen51600X_DDR42666_6GB_sqcif,sqcif,41817
AdvMicDevRyzen51600X_DDR42666_7GB,3.6,X86_64,8,64,1,32,8,64,1,512,16,64,6,16,7,DDR4,2666,6,AdvMicDevRyzen51600X_DDR42666_7GB_sqcif,sqcif,41817
AdvMicDevRyzen51700X_DDR42666_2GB,3.4,X86_64,8,64,1,32,8,64,1,512,16,64,8,16,2,DDR4,2666,8,AdvMicDevRyzen51700X_DDR42666_2GB_sqcif,sqcif,43964
AdvMicDevRyzen51700X_DDR42666_3GB,3.4,X86_64,8,64,1,32,8,64,1,512,16,64,8,16,3,DDR4,2666,8,AdvMicDevRyzen51700X_DDR42666_3GB_sqcif,sqcif,43964
AdvMicDevRyzen51700X_DDR42666_4GB,3.4,X86_64,8,64,1,32,8,64,1,512,16,64,8,16,4,DDR4,2666,8,AdvMicDevRyzen51700X_DDR42666_4GB_sqcif,sqcif,43964
AdvMicDevRyzen51700X_DDR42666_6GB,3.4,X86_64,8,64,1,32,8,64,1,512,16,64,8,16,6,DDR4,2666,8,AdvMicDevRyzen51700X_DDR42666_6GB_sqcif,sqcif,43964
AdvMicDevRyzen51700X_DDR42666_7GB,3.4,X86_64,8,64,1,32,8,64,1,512,16,64,8,16,7,DDR4,2666,8,AdvMicDevRyzen51700X_DDR42666_7GB_sqcif,sqcif,43964
AdvMicDevRyzenT1950X_DDR42666_2GB,3.4,X86_64,8,64,1,32,8,64,1,512,16,64,16,32,2,DDR4,2666,16,AdvMicDevRyzenT1950X_DDR42666_2GB_sqcif,sqcif,43964
AdvMicDevRyzenT1950X_DDR42666_3GB,3.4,X86_64,8,64,1,32,8,64,1,512,16,64,16,32,3,DDR4,2666,16,AdvMicDevRyzenT1950X_DDR42666_3GB_sqcif,sqcif,43964
AdvMicDevRyzenT1950X_DDR42666_4GB,3.4,X86_64,8,64,1,32,8,64,1,512,16,64,16,32,4,DDR4,2666,16,AdvMicDevRyzenT1950X_DDR42666_4GB_sqcif,sqcif,43964
AdvMicDevRyzenT1950X_DDR42666_6GB,3.4,X86_64,8,64,1,32,8,64,1,512,16,64,16,32,6,DDR4,2666,16,AdvMicDevRyzenT1950X_DDR42666_6GB_sqcif,sqcif,43964
AdvMicDevRyzenT1950X_DDR42666_7GB,3.4,X86_64,8,64,1,32,8,64,1,512,16,64,16,32,7,DDR4,2666,16,AdvMicDevRyzenT1950X_DDR42666_7GB_sqcif,sqcif,43964
AdvMicDevRyzen32200U_DDR42400_2GB,2.5,X86_64,8,64,1,32,8,64,1,512,16,64,2,4,2,DDR4,2400,2,AdvMicDevRyzen32200U_DDR42400_2GB_sqcif,sqcif,60152
AdvMicDevRyzen32200U_DDR42400_3GB,2.5,X86_64,8,64,1,32,8,64,1,512,16,64,2,4,3,DDR4,2400,2,AdvMicDevRyzen32200U_DDR42400_3GB_sqcif,sqcif,60152
AdvMicDevRyzen32200U_DDR42400_4GB,2.5,X86_64,8,64,1,32,8,64,1,512,16,64,2,4,4,DDR4,2400,2,AdvMicDevRyzen32200U_DDR42400_4GB_sqcif,sqcif,60152
AdvMicDevRyzen32200U_DDR42400_6GB,2.5,X86_64,8,64,1,32,8,64,1,512,16,64,2,4,6,DDR4,2400,2,AdvMicDevRyzen32200U_DDR42400_6GB_sqcif,sqcif,60152
AdvMicDevRyzen32200U_DDR42400_7GB,2.5,X86_64,8,64,1,32,8,64,1,512,16,64,2,4,7,DDR4,2400,2,AdvMicDevRyzen32200U_DDR42400_7GB_sqcif,sqcif,60152
AdvMicDevRyzen52500U_DDR42400_2GB,2,X86_64,8,64,1,32,8,64,1,512,16,64,4,4,2,DDR4,2400,4,AdvMicDevRyzen52500U_DDR42400_2GB_sqcif,sqcif,74781
AdvMicDevRyzen52500U_DDR42400_3GB,2,X86_64,8,64,1,32,8,64,1,512,16,64,4,4,3,DDR4,2400,4,AdvMicDevRyzen52500U_DDR42400_3GB_sqcif,sqcif,74781
AdvMicDevRyzen52500U_DDR42400_4GB,2,X86_64,8,64,1,32,8,64,1,512,16,64,4,4,4,DDR4,2400,4,AdvMicDevRyzen52500U_DDR42400_4GB_sqcif,sqcif,74781
AdvMicDevRyzen52500U_DDR42400_6GB,2,X86_64,8,64,1,32,8,64,1,512,16,64,4,4,6,DDR4,2400,4,AdvMicDevRyzen52500U_DDR42400_6GB_sqcif,sqcif,74781
AdvMicDevRyzen52500U_DDR42400_7GB,2,X86_64,8,64,1,32,8,64,1,512,16,64,4,4,7,DDR4,2400,4,AdvMicDevRyzen52500U_DDR42400_7GB_sqcif,sqcif,74781
AdvMicDevEpyc7401P_DDR42666_2GB,2,X86_64,8,64,1,32,8,64,1,512,16,64,24,64,2,DDR4,2666,24,AdvMicDevEpyc7401P_DDR42666_2GB_sqcif,sqcif,74497
AdvMicDevEpyc7401P_DDR42666_3GB,2,X86_64,8,64,1,32,8,64,1,512,16,64,24,64,3,DDR4,2666,24,AdvMicDevEpyc7401P_DDR42666_3GB_sqcif,sqcif,74497
AdvMicDevEpyc7401P_DDR42666_4GB,2,X86_64,8,64,1,32,8,64,1,512,16,64,24,64,4,DDR4,2666,24,AdvMicDevEpyc7401P_DDR42666_4GB_sqcif,sqcif,74497
AdvMicDevEpyc7401P_DDR42666_6GB,2,X86_64,8,64,1,32,8,64,1,512,16,64,24,64,6,DDR4,2666,24,AdvMicDevEpyc7401P_DDR42666_6GB_sqcif,sqcif,74497
AdvMicDevEpyc7401P_DDR42666_7GB,2,X86_64,8,64,1,32,8,64,1,512,16,64,24,64,7,DDR4,2666,24,AdvMicDevEpyc7401P_DDR42666_7GB_sqcif,sqcif,74497
AdvMicDevEpyc7251_DDR42400_2GB,2.1,X86_64,8,64,1,32,8,64,1,512,16,64,8,32,2,DDR4,2400,8,AdvMicDevEpyc7251_DDR42400_2GB_sqcif,sqcif,71180
AdvMicDevEpyc7251_DDR42400_3GB,2.1,X86_64,8,64,1,32,8,64,1,512,16,64,8,32,3,DDR4,2400,8,AdvMicDevEpyc7251_DDR42400_3GB_sqcif,sqcif,71180
AdvMicDevEpyc7251_DDR42400_4GB,2.1,X86_64,8,64,1,32,8,64,1,512,16,64,8,32,4,DDR4,2400,8,AdvMicDevEpyc7251_DDR42400_4GB_sqcif,sqcif,71180
AdvMicDevEpyc7251_DDR42400_6GB,2.1,X86_64,8,64,1,32,8,64,1,512,16,64,8,32,6,DDR4,2400,8,AdvMicDevEpyc7251_DDR42400_6GB_sqcif,sqcif,71180
AdvMicDevEpyc7251_DDR42400_7GB,2.1,X86_64,8,64,1,32,8,64,1,512,16,64,8,32,7,DDR4,2400,8,AdvMicDevEpyc7251_DDR42400_7GB_sqcif,sqcif,71180
AdvMicDevEpyc7601_DDR42666_2GB,2,X86_64,8,64,1,32,8,64,1,512,8,64,32,64,2,DDR4,2666,32,AdvMicDevEpyc7601_DDR42666_2GB_sqcif,sqcif,74497
AdvMicDevEpyc7601_DDR42666_3GB,2,X86_64,8,64,1,32,8,64,1,512,8,64,32,64,3,DDR4,2666,32,AdvMicDevEpyc7601_DDR42666_3GB_sqcif,sqcif,74497
AdvMicDevEpyc7601_DDR42666_4GB,2,X86_64,8,64,1,32,8,64,1,512,8,64,32,64,4,DDR4,2666,32,AdvMicDevEpyc7601_DDR42666_4GB_sqcif,sqcif,74497
AdvMicDevEpyc7601_DDR42666_6GB,2,X86_64,8,64,1,32,8,64,1,512,8,64,32,64,6,DDR4,2666,32,AdvMicDevEpyc7601_DDR42666_6GB_sqcif,sqcif,74497
AdvMicDevEpyc7601_DDR42666_7GB,2,X86_64,8,64,1,32,8,64,1,512,8,64,32,64,7,DDR4,2666,32,AdvMicDevEpyc7601_DDR42666_7GB_sqcif,sqcif,74497
AdvMicDevBuldzrFX8100_DDR31866_2GB,2.8,X86_64,4,64,1,16,16,64,1,1024,64,64,8,8,2,DDR3,1866,8,AdvMicDevBuldzrFX8100_DDR31866_2GB_sqcif,sqcif,53571
AdvMicDevBuldzrFX8100_DDR31866_3GB,2.8,X86_64,4,64,1,16,16,64,1,1024,64,64,8,8,3,DDR3,1866,8,AdvMicDevBuldzrFX8100_DDR31866_3GB_sqcif,sqcif,53571
AdvMicDevBuldzrFX8100_DDR31866_4GB,2.8,X86_64,4,64,1,16,16,64,1,1024,64,64,8,8,4,DDR3,1866,8,AdvMicDevBuldzrFX8100_DDR31866_4GB_sqcif,sqcif,53571
AdvMicDevBuldzrFX8100_DDR31866_6GB,2.8,X86_64,4,64,1,16,16,64,1,1024,64,64,8,8,6,DDR3,1866,8,AdvMicDevBuldzrFX8100_DDR31866_6GB_sqcif,sqcif,53571
AdvMicDevBuldzrFX8100_DDR31866_7GB,2.8,X86_64,4,64,1,16,16,64,1,1024,64,64,8,8,7,DDR3,1866,8,AdvMicDevBuldzrFX8100_DDR31866_7GB_sqcif,sqcif,53571
AdvMicDevBuldzrFX8170_DDR31866_2GB,3.9,X86_64,4,64,1,16,16,64,1,1024,64,64,8,8,2,DDR3,1866,8,AdvMicDevBuldzrFX8170_DDR31866_2GB_sqcif,sqcif,38899
AdvMicDevBuldzrFX8170_DDR31866_3GB,3.9,X86_64,4,64,1,16,16,64,1,1024,64,64,8,8,3,DDR3,1866,8,AdvMicDevBuldzrFX8170_DDR31866_3GB_sqcif,sqcif,38899
AdvMicDevBuldzrFX8170_DDR31866_4GB,3.9,X86_64,4,64,1,16,16,64,1,1024,64,64,8,8,4,DDR3,1866,8,AdvMicDevBuldzrFX8170_DDR31866_4GB_sqcif,sqcif,38899
AdvMicDevBuldzrFX8170_DDR31866_6GB,3.9,X86_64,4,64,1,16,16,64,1,1024,64,64,8,8,6,DDR3,1866,8,AdvMicDevBuldzrFX8170_DDR31866_6GB_sqcif,sqcif,38899
AdvMicDevBuldzrFX8170_DDR31866_7GB,3.9,X86_64,4,64,1,16,16,64,1,1024,64,64,8,8,7,DDR3,1866,8,AdvMicDevBuldzrFX8170_DDR31866_7GB_sqcif,sqcif,38899
AdvMicDevBuldzrFX6100_DDR31866_2GB,3.3,X86_64,4,64,1,16,16,64,1,1024,64,64,6,8,2,DDR3,1866,6,AdvMicDevBuldzrFX6100_DDR31866_2GB_sqcif,sqcif,45800
AdvMicDevBuldzrFX6100_DDR31866_3GB,3.3,X86_64,4,64,1,16,16,64,1,1024,64,64,6,8,3,DDR3,1866,6,AdvMicDevBuldzrFX6100_DDR31866_3GB_sqcif,sqcif,45800
AdvMicDevBuldzrFX6100_DDR31866_4GB,3.3,X86_64,4,64,1,16,16,64,1,1024,64,64,6,8,4,DDR3,1866,6,AdvMicDevBuldzrFX6100_DDR31866_4GB_sqcif,sqcif,45800
AdvMicDevBuldzrFX6100_DDR31866_6GB,3.3,X86_64,4,64,1,16,16,64,1,1024,64,64,6,8,6,DDR3,1866,6,AdvMicDevBuldzrFX6100_DDR31866_6GB_sqcif,sqcif,45800
AdvMicDevBuldzrFX6100_DDR31866_7GB,3.3,X86_64,4,64,1,16,16,64,1,1024,64,64,6,8,7,DDR3,1866,6,AdvMicDevBuldzrFX6100_DDR31866_7GB_sqcif,sqcif,45800
AdvMicDevBuldzrFX6130_DDR31866_2GB,3.6,X86_64,4,64,1,16,16,64,1,1024,64,64,6,8,2,DDR3,1866,6,AdvMicDevBuldzrFX6130_DDR31866_2GB_sqcif,sqcif,41853
AdvMicDevBuldzrFX6130_DDR31866_3GB,3.6,X86_64,4,64,1,16,16,64,1,1024,64,64,6,8,3,DDR3,1866,6,AdvMicDevBuldzrFX6130_DDR31866_3GB_sqcif,sqcif,41853
AdvMicDevBuldzrFX6130_DDR31866_4GB,3.6,X86_64,4,64,1,16,16,64,1,1024,64,64,6,8,4,DDR3,1866,6,AdvMicDevBuldzrFX6130_DDR31866_4GB_sqcif,sqcif,41853
AdvMicDevBuldzrFX6130_DDR31866_6GB,3.6,X86_64,4,64,1,16,16,64,1,1024,64,64,6,8,6,DDR3,1866,6,AdvMicDevBuldzrFX6130_DDR31866_6GB_sqcif,sqcif,41853
AdvMicDevBuldzrFX6130_DDR31866_7GB,3.6,X86_64,4,64,1,16,16,64,1,1024,64,64,6,8,7,DDR3,1866,6,AdvMicDevBuldzrFX6130_DDR31866_7GB_sqcif,sqcif,41853
AdvMicDevBuldzrFX4100_DDR31866_2GB,3.6,X86_64,4,64,1,16,16,64,1,1024,64,64,4,4,2,DDR3,1866,4,AdvMicDevBuldzrFX4100_DDR31866_2GB_sqcif,sqcif,41853
AdvMicDevBuldzrFX4100_DDR31866_3GB,3.6,X86_64,4,64,1,16,16,64,1,1024,64,64,4,4,3,DDR3,1866,4,AdvMicDevBuldzrFX4100_DDR31866_3GB_sqcif,sqcif,41853
AdvMicDevBuldzrFX4100_DDR31866_4GB,3.6,X86_64,4,64,1,16,16,64,1,1024,64,64,4,4,4,DDR3,1866,4,AdvMicDevBuldzrFX4100_DDR31866_4GB_sqcif,sqcif,41853
AdvMicDevBuldzrFX4100_DDR31866_6GB,3.6,X86_64,4,64,1,16,16,64,1,1024,64,64,4,4,6,DDR3,1866,4,AdvMicDevBuldzrFX4100_DDR31866_6GB_sqcif,sqcif,41853
AdvMicDevBuldzrFX4100_DDR31866_7GB,3.6,X86_64,4,64,1,16,16,64,1,1024,64,64,4,4,7,DDR3,1866,4,AdvMicDevBuldzrFX4100_DDR31866_7GB_sqcif,sqcif,41853
AdvMicDevBuldzrFX4170_DDR31866_2GB,4.2,X86_64,4,64,1,16,16,64,1,1024,64,64,4,8,2,DDR3,1866,4,AdvMicDevBuldzrFX4170_DDR31866_2GB_sqcif,sqcif,36177
AdvMicDevBuldzrFX4170_DDR31866_3GB,4.2,X86_64,4,64,1,16,16,64,1,1024,64,64,4,8,3,DDR3,1866,4,AdvMicDevBuldzrFX4170_DDR31866_3GB_sqcif,sqcif,36177
AdvMicDevBuldzrFX4170_DDR31866_4GB,4.2,X86_64,4,64,1,16,16,64,1,1024,64,64,4,8,4,DDR3,1866,4,AdvMicDevBuldzrFX4170_DDR31866_4GB_sqcif,sqcif,36177
AdvMicDevBuldzrFX4170_DDR31866_6GB,4.2,X86_64,4,64,1,16,16,64,1,1024,64,64,4,8,6,DDR3,1866,4,AdvMicDevBuldzrFX4170_DDR31866_6GB_sqcif,sqcif,36177
AdvMicDevBuldzrFX4170_DDR31866_7GB,4.2,X86_64,4,64,1,16,16,64,1,1024,64,64,4,8,7,DDR3,1866,4,AdvMicDevBuldzrFX4170_DDR31866_7GB_sqcif,sqcif,36177
AdvMicDevPileDrvFX9590_DDR31866_2GB,4.7,X86_64,4,64,1,16,16,64,1,1024,64,64,4,8,2,DDR3,1866,4,AdvMicDevPileDrvFX9590_DDR31866_2GB_sqcif,sqcif,32385
AdvMicDevPileDrvFX9590_DDR31866_3GB,4.7,X86_64,4,64,1,16,16,64,1,1024,64,64,4,8,3,DDR3,1866,4,AdvMicDevPileDrvFX9590_DDR31866_3GB_sqcif,sqcif,32385
AdvMicDevPileDrvFX9590_DDR31866_4GB,4.7,X86_64,4,64,1,16,16,64,1,1024,64,64,4,8,4,DDR3,1866,4,AdvMicDevPileDrvFX9590_DDR31866_4GB_sqcif,sqcif,32385
AdvMicDevPileDrvFX9590_DDR31866_6GB,4.7,X86_64,4,64,1,16,16,64,1,1024,64,64,4,8,6,DDR3,1866,4,AdvMicDevPileDrvFX9590_DDR31866_6GB_sqcif,sqcif,32385
AdvMicDevPileDrvFX9590_DDR31866_7GB,4.7,X86_64,4,64,1,16,16,64,1,1024,64,64,4,8,7,DDR3,1866,4,AdvMicDevPileDrvFX9590_DDR31866_7GB_sqcif,sqcif,32385
AdvMicDevPileDrvFX8350_DDR31866_2GB,4,X86_64,4,64,1,16,16,64,1,1024,64,64,4,8,2,DDR3,1866,4,AdvMicDevPileDrvFX8350_DDR31866_2GB_sqcif,sqcif,37734
AdvMicDevPileDrvFX8350_DDR31866_3GB,4,X86_64,4,64,1,16,16,64,1,1024,64,64,4,8,3,DDR3,1866,4,AdvMicDevPileDrvFX8350_DDR31866_3GB_sqcif,sqcif,37734
AdvMicDevPileDrvFX8350_DDR31866_4GB,4,X86_64,4,64,1,16,16,64,1,1024,64,64,4,8,4,DDR3,1866,4,AdvMicDevPileDrvFX8350_DDR31866_4GB_sqcif,sqcif,37734
AdvMicDevPileDrvFX8350_DDR31866_6GB,4,X86_64,4,64,1,16,16,64,1,1024,64,64,4,8,6,DDR3,1866,4,AdvMicDevPileDrvFX8350_DDR31866_6GB_sqcif,sqcif,37734
AdvMicDevPileDrvFX8350_DDR31866_7GB,4,X86_64,4,64,1,16,16,64,1,1024,64,64,4,8,7,DDR3,1866,4,AdvMicDevPileDrvFX8350_DDR31866_7GB_sqcif,sqcif,37734
AdvMicDevPileDrvFX8300_DDR31866_2GB,3.3,X86_64,4,64,1,16,16,64,1,1024,64,64,4,8,2,DDR3,1866,4,AdvMicDevPileDrvFX8300_DDR31866_2GB_sqcif,sqcif,45800
AdvMicDevPileDrvFX8300_DDR31866_3GB,3.3,X86_64,4,64,1,16,16,64,1,1024,64,64,4,8,3,DDR3,1866,4,AdvMicDevPileDrvFX8300_DDR31866_3GB_sqcif,sqcif,45800
AdvMicDevPileDrvFX8300_DDR31866_4GB,3.3,X86_64,4,64,1,16,16,64,1,1024,64,64,4,8,4,DDR3,1866,4,AdvMicDevPileDrvFX8300_DDR31866_4GB_sqcif,sqcif,45800
AdvMicDevPileDrvFX8300_DDR31866_6GB,3.3,X86_64,4,64,1,16,16,64,1,1024,64,64,4,8,6,DDR3,1866,4,AdvMicDevPileDrvFX8300_DDR31866_6GB_sqcif,sqcif,45800
AdvMicDevPileDrvFX8300_DDR31866_7GB,3.3,X86_64,4,64,1,16,16,64,1,1024,64,64,4,8,7,DDR3,1866,4,AdvMicDevPileDrvFX8300_DDR31866_7GB_sqcif,sqcif,45800
AdvMicDevPileDrvFX6300_DDR31866_2GB,3.5,X86_64,4,64,1,16,16,64,1,1024,64,64,3,8,2,DDR3,1866,3,AdvMicDevPileDrvFX6300_DDR31866_2GB_sqcif,sqcif,43217
AdvMicDevPileDrvFX6300_DDR31866_3GB,3.5,X86_64,4,64,1,16,16,64,1,1024,64,64,3,8,3,DDR3,1866,3,AdvMicDevPileDrvFX6300_DDR31866_3GB_sqcif,sqcif,43217
AdvMicDevPileDrvFX6300_DDR31866_4GB,3.5,X86_64,4,64,1,16,16,64,1,1024,64,64,3,8,4,DDR3,1866,3,AdvMicDevPileDrvFX6300_DDR31866_4GB_sqcif,sqcif,43217
AdvMicDevPileDrvFX6300_DDR31866_6GB,3.5,X86_64,4,64,1,16,16,64,1,1024,64,64,3,8,6,DDR3,1866,3,AdvMicDevPileDrvFX6300_DDR31866_6GB_sqcif,sqcif,43217
AdvMicDevPileDrvFX6300_DDR31866_7GB,3.5,X86_64,4,64,1,16,16,64,1,1024,64,64,3,8,7,DDR3,1866,3,AdvMicDevPileDrvFX6300_DDR31866_7GB_sqcif,sqcif,43217
AdvMicDevPileDrvFX4300_DDR31866_2GB,3.8,X86_64,4,64,1,16,16,64,1,1024,64,64,2,4,2,DDR3,1866,2,AdvMicDevPileDrvFX4300_DDR31866_2GB_sqcif,sqcif,39688
AdvMicDevPileDrvFX4300_DDR31866_3GB,3.8,X86_64,4,64,1,16,16,64,1,1024,64,64,2,4,3,DDR3,1866,2,AdvMicDevPileDrvFX4300_DDR31866_3GB_sqcif,sqcif,39688
AdvMicDevPileDrvFX4300_DDR31866_4GB,3.8,X86_64,4,64,1,16,16,64,1,1024,64,64,2,4,4,DDR3,1866,2,AdvMicDevPileDrvFX4300_DDR31866_4GB_sqcif,sqcif,39688
AdvMicDevPileDrvFX4300_DDR31866_6GB,3.8,X86_64,4,64,1,16,16,64,1,1024,64,64,2,4,6,DDR3,1866,2,AdvMicDevPileDrvFX4300_DDR31866_6GB_sqcif,sqcif,39688
AdvMicDevPileDrvFX4300_DDR31866_7GB,3.8,X86_64,4,64,1,16,16,64,1,1024,64,64,2,4,7,DDR3,1866,2,AdvMicDevPileDrvFX4300_DDR31866_7GB_sqcif,sqcif,39688
AdvMicDevPileDrvA45300_DDR31600_2GB,3.4,X86_64,4,64,1,16,16,64,1,1024,64,64,1,4,2,DDR3,1600,1,AdvMicDevPileDrvA45300_DDR31600_2GB_sqcif,sqcif,44496
AdvMicDevPileDrvA45300_DDR31600_3GB,3.4,X86_64,4,64,1,16,16,64,1,1024,64,64,1,4,3,DDR3,1600,1,AdvMicDevPileDrvA45300_DDR31600_3GB_sqcif,sqcif,44496
AdvMicDevPileDrvA45300_DDR31600_4GB,3.4,X86_64,4,64,1,16,16,64,1,1024,64,64,1,4,4,DDR3,1600,1,AdvMicDevPileDrvA45300_DDR31600_4GB_sqcif,sqcif,44496
AdvMicDevPileDrvA45300_DDR31600_6GB,3.4,X86_64,4,64,1,16,16,64,1,1024,64,64,1,4,6,DDR3,1600,1,AdvMicDevPileDrvA45300_DDR31600_6GB_sqcif,sqcif,44496
AdvMicDevPileDrvA45300_DDR31600_7GB,3.4,X86_64,4,64,1,16,16,64,1,1024,64,64,1,4,7,DDR3,1600,1,AdvMicDevPileDrvA45300_DDR31600_7GB_sqcif,sqcif,44496
ARM_QcomSnpS4_MSM8227_LPDDR2400_2GB,1,ARM,8,64,1,4,8,64,1,16,16,64,2,1,2,LPDDR2,400,2,ARM_QcomSnpS4_MSM8227_LPDDR2400_2GB_sqcif,,
ARM_QcomSnpS4_MSM8227_LPDDR2400_3GB,1,ARM,8,64,1,4,8,64,1,16,16,64,2,1,3,LPDDR2,400,2,ARM_QcomSnpS4_MSM8227_LPDDR2400_3GB_sqcif,,
ARM_QcomSnpS4_MSM8227_LPDDR2400_4GB,1,ARM,8,64,1,4,8,64,1,16,16,64,2,1,4,LPDDR2,400,2,ARM_QcomSnpS4_MSM8227_LPDDR2400_4GB_sqcif,,
ARM_QcomSnpS4_MSM8227_LPDDR2400_6GB,1,ARM,8,64,1,4,8,64,1,16,16,64,2,1,6,LPDDR2,400,2,ARM_QcomSnpS4_MSM8227_LPDDR2400_6GB_sqcif,,
ARM_QcomSnpS4_MSM8227_LPDDR2400_7GB,1,ARM,8,64,1,4,8,64,1,16,16,64,2,1,7,LPDDR2,400,2,ARM_QcomSnpS4_MSM8227_LPDDR2400_7GB_sqcif,,
ARM_QcomSnpS4_APQ8030_LPDDR2533_2GB,1.2,ARM,8,64,1,4,8,64,1,16,16,64,2,1,2,LPDDR2,533,2,ARM_QcomSnpS4_APQ8030_LPDDR2533_2GB_sqcif,,
ARM_QcomSnpS4_APQ8030_LPDDR2533_3GB,1.2,ARM,8,64,1,4,8,64,1,16,16,64,2,1,3,LPDDR2,533,2,ARM_QcomSnpS4_APQ8030_LPDDR2533_3GB_sqcif,,
ARM_QcomSnpS4_APQ8030_LPDDR2533_4GB,1.2,ARM,8,64,1,4,8,64,1,16,16,64,2,1,4,LPDDR2,533,2,ARM_QcomSnpS4_APQ8030_LPDDR2533_4GB_sqcif,,
ARM_QcomSnpS4_APQ8030_LPDDR2533_6GB,1.2,ARM,8,64,1,4,8,64,1,16,16,64,2,1,6,LPDDR2,533,2,ARM_QcomSnpS4_APQ8030_LPDDR2533_6GB_sqcif,,
ARM_QcomSnpS4_APQ8030_LPDDR2533_7GB,1.2,ARM,8,64,1,4,8,64,1,16,16,64,2,1,7,LPDDR2,533,2,ARM_QcomSnpS4_APQ8030_LPDDR2533_7GB_sqcif,,
ARM_QcomSnpS4_APQ8060A_LPDDR2533_2GB,1.5,ARM,8,64,1,4,8,64,1,16,16,64,2,1,2,LPDDR2,533,2,ARM_QcomSnpS4_APQ8060A_LPDDR2533_2GB_sqcif,,
ARM_QcomSnpS4_APQ8060A_LPDDR2533_3GB,1.5,ARM,8,64,1,4,8,64,1,16,16,64,2,1,3,LPDDR2,533,2,ARM_QcomSnpS4_APQ8060A_LPDDR2533_3GB_sqcif,,
ARM_QcomSnpS4_APQ8060A_LPDDR2533_4GB,1.5,ARM,8,64,1,4,8,64,1,16,16,64,2,1,4,LPDDR2,533,2,ARM_QcomSnpS4_APQ8060A_LPDDR2533_4GB_sqcif,,
ARM_QcomSnpS4_APQ8060A_LPDDR2533_6GB,1.5,ARM,8,64,1,4,8,64,1,16,16,64,2,1,6,LPDDR2,533,2,ARM_QcomSnpS4_APQ8060A_LPDDR2533_6GB_sqcif,,
ARM_QcomSnpS4_APQ8060A_LPDDR2533_7GB,1.5,ARM,8,64,1,4,8,64,1,16,16,64,2,1,7,LPDDR2,533,2,ARM_QcomSnpS4_APQ8060A_LPDDR2533_7GB_sqcif,,
ARM_QcomSnpS4_MSM8960T_LPDDR2533_2GB,1.7,ARM,8,64,1,4,8,64,1,16,16,64,2,1,2,LPDDR2,533,2,ARM_QcomSnpS4_MSM8960T_LPDDR2533_2GB_sqcif,,
ARM_QcomSnpS4_MSM8960T_LPDDR2533_3GB,1.7,ARM,8,64,1,4,8,64,1,16,16,64,2,1,3,LPDDR2,533,2,ARM_QcomSnpS4_MSM8960T_LPDDR2533_3GB_sqcif,,
ARM_QcomSnpS4_MSM8960T_LPDDR2533_4GB,1.7,ARM,8,64,1,4,8,64,1,16,16,64,2,1,4,LPDDR2,533,2,ARM_QcomSnpS4_MSM8960T_LPDDR2533_4GB_sqcif,,
ARM_QcomSnpS4_MSM8960T_LPDDR2533_6GB,1.7,ARM,8,64,1,4,8,64,1,16,16,64,2,1,6,LPDDR2,533,2,ARM_QcomSnpS4_MSM8960T_LPDDR2533_6GB_sqcif,,
ARM_QcomSnpS4_MSM8960T_LPDDR2533_7GB,1.7,ARM,8,64,1,4,8,64,1,16,16,64,2,1,7,LPDDR2,533,2,ARM_QcomSnpS4_MSM8960T_LPDDR2533_7GB_sqcif,,
ARM_QcomSnpS4_APQ8064_LPDDR2533_2GB,1.5,ARM,8,64,1,4,8,64,1,16,16,64,4,2,2,LPDDR2,533,4,ARM_QcomSnpS4_APQ8064_LPDDR2533_2GB_sqcif,,
ARM_QcomSnpS4_APQ8064_LPDDR2533_3GB,1.5,ARM,8,64,1,4,8,64,1,16,16,64,4,2,3,LPDDR2,533,4,ARM_QcomSnpS4_APQ8064_LPDDR2533_3GB_sqcif,,
ARM_QcomSnpS4_APQ8064_LPDDR2533_4GB,1.5,ARM,8,64,1,4,8,64,1,16,16,64,4,2,4,LPDDR2,533,4,ARM_QcomSnpS4_APQ8064_LPDDR2533_4GB_sqcif,,
ARM_QcomSnpS4_APQ8064_LPDDR2533_6GB,1.5,ARM,8,64,1,4,8,64,1,16,16,64,4,2,6,LPDDR2,533,4,ARM_QcomSnpS4_APQ8064_LPDDR2533_6GB_sqcif,,
ARM_QcomSnpS4_APQ8064_LPDDR2533_7GB,1.5,ARM,8,64,1,4,8,64,1,16,16,64,4,2,7,LPDDR2,533,4,ARM_QcomSnpS4_APQ8064_LPDDR2533_7GB_sqcif,,
ARM_QcomSnpS4_APQ8064M_LPDDR2533_2GB,1.7,ARM,8,64,1,4,8,64,1,16,16,64,4,2,2,LPDDR2,533,4,ARM_QcomSnpS4_APQ8064M_LPDDR2533_2GB_sqcif,,
ARM_QcomSnpS4_APQ8064M_LPDDR2533_3GB,1.7,ARM,8,64,1,4,8,64,1,16,16,64,4,2,3,LPDDR2,533,4,ARM_QcomSnpS4_APQ8064M_LPDDR2533_3GB_sqcif,,
ARM_QcomSnpS4_APQ8064M_LPDDR2533_4GB,1.7,ARM,8,64,1,4,8,64,1,16,16,64,4,2,4,LPDDR2,533,4,ARM_QcomSnpS4_APQ8064M_LPDDR2533_4GB_sqcif,,
ARM_QcomSnpS4_APQ8064M_LPDDR2533_6GB,1.7,ARM,8,64,1,4,8,64,1,16,16,64,4,2,6,LPDDR2,533,4,ARM_QcomSnpS4_APQ8064M_LPDDR2533_6GB_sqcif,,
ARM_QcomSnpS4_APQ8064M_LPDDR2533_7GB,1.7,ARM,8,64,1,4,8,64,1,16,16,64,4,2,7,LPDDR2,533,4,ARM_QcomSnpS4_APQ8064M_LPDDR2533_7GB_sqcif,,
ARM_QcomSnpS4_APQ8064AB_LPDDR2667_2GB,1.9,ARM,8,64,1,4,8,64,1,16,16,64,4,2,2,LPDDR2,667,4,ARM_QcomSnpS4_APQ8064AB_LPDDR2667_2GB_sqcif,,
ARM_QcomSnpS4_APQ8064AB_LPDDR2667_3GB,1.9,ARM,8,64,1,4,8,64,1,16,16,64,4,2,3,LPDDR2,667,4,ARM_QcomSnpS4_APQ8064AB_LPDDR2667_3GB_sqcif,,
ARM_QcomSnpS4_APQ8064AB_LPDDR2667_4GB,1.9,ARM,8,64,1,4,8,64,1,16,16,64,4,2,4,LPDDR2,667,4,ARM_QcomSnpS4_APQ8064AB_LPDDR2667_4GB_sqcif,,
ARM_QcomSnpS4_APQ8064AB_LPDDR2667_6GB,1.9,ARM,8,64,1,4,8,64,1,16,16,64,4,2,6,LPDDR2,667,4,ARM_QcomSnpS4_APQ8064AB_LPDDR2667_6GB_sqcif,,
ARM_QcomSnpS4_APQ8064AB_LPDDR2667_7GB,1.9,ARM,8,64,1,4,8,64,1,16,16,64,4,2,7,LPDDR2,667,4,ARM_QcomSnpS4_APQ8064AB_LPDDR2667_7GB_sqcif,,
ARM_QcomSnpS4_APQ8074AA_LPDDR2800_2GB,2.26,ARM,8,64,1,4,8,64,1,16,16,64,4,2,2,LPDDR2,800,4,ARM_QcomSnpS4_APQ8074AA_LPDDR2800_2GB_sqcif,,
ARM_QcomSnpS4_APQ8074AA_LPDDR2800_3GB,2.26,ARM,8,64,1,4,8,64,1,16,16,64,4,2,3,LPDDR2,800,4,ARM_QcomSnpS4_APQ8074AA_LPDDR2800_3GB_sqcif,,
ARM_QcomSnpS4_APQ8074AA_LPDDR2800_4GB,2.26,ARM,8,64,1,4,8,64,1,16,16,64,4,2,4,LPDDR2,800,4,ARM_QcomSnpS4_APQ8074AA_LPDDR2800_4GB_sqcif,,
ARM_QcomSnpS4_APQ8074AA_LPDDR2800_6GB,2.26,ARM,8,64,1,4,8,64,1,16,16,64,4,2,6,LPDDR2,800,4,ARM_QcomSnpS4_APQ8074AA_LPDDR2800_6GB_sqcif,,
ARM_QcomSnpS4_APQ8074AA_LPDDR2800_7GB,2.26,ARM,8,64,1,4,8,64,1,16,16,64,4,2,7,LPDDR2,800,4,ARM_QcomSnpS4_APQ8074AA_LPDDR2800_7GB_sqcif,,
ARM_QcomSnpS4_APQ8074AB_LPDDR2933_2GB,2.36,ARM,8,64,1,4,8,64,1,16,16,64,4,2,2,LPDDR2,933,4,ARM_QcomSnpS4_APQ8074AB_LPDDR2933_2GB_sqcif,,
ARM_QcomSnpS4_APQ8074AB_LPDDR2933_3GB,2.36,ARM,8,64,1,4,8,64,1,16,16,64,4,2,3,LPDDR2,933,4,ARM_QcomSnpS4_APQ8074AB_LPDDR2933_3GB_sqcif,,
ARM_QcomSnpS4_APQ8074AB_LPDDR2933_4GB,2.36,ARM,8,64,1,4,8,64,1,16,16,64,4,2,4,LPDDR2,933,4,ARM_QcomSnpS4_APQ8074AB_LPDDR2933_4GB_sqcif,,
ARM_QcomSnpS4_APQ8074AB_LPDDR2933_6GB,2.36,ARM,8,64,1,4,8,64,1,16,16,64,4,2,6,LPDDR2,933,4,ARM_QcomSnpS4_APQ8074AB_LPDDR2933_6GB_sqcif,,
ARM_QcomSnpS4_APQ8074AB_LPDDR2933_7GB,2.36,ARM,8,64,1,4,8,64,1,16,16,64,4,2,7,LPDDR2,933,4,ARM_QcomSnpS4_APQ8074AB_LPDDR2933_7GB_sqcif,,
ARM_QcomSnpS4_APQ8084_LPDDR2800_2GB,2.7,ARM,8,64,1,4,8,64,1,16,16,64,4,2,2,LPDDR2,800,4,ARM_QcomSnpS4_APQ8084_LPDDR2800_2GB_sqcif,,
ARM_QcomSnpS4_APQ8084_LPDDR2800_3GB,2.7,ARM,8,64,1,4,8,64,1,16,16,64,4,2,3,LPDDR2,800,4,ARM_QcomSnpS4_APQ8084_LPDDR2800_3GB_sqcif,,
ARM_QcomSnpS4_APQ8084_LPDDR2800_4GB,2.7,ARM,8,64,1,4,8,64,1,16,16,64,4,2,4,LPDDR2,800,4,ARM_QcomSnpS4_APQ8084_LPDDR2800_4GB_sqcif,,
ARM_QcomSnpS4_APQ8084_LPDDR2800_6GB,2.7,ARM,8,64,1,4,8,64,1,16,16,64,4,2,6,LPDDR2,800,4,ARM_QcomSnpS4_APQ8084_LPDDR2800_6GB_sqcif,,
ARM_QcomSnpS4_APQ8084_LPDDR2800_7GB,2.7,ARM,8,64,1,4,8,64,1,16,16,64,4,2,7,LPDDR2,800,4,ARM_QcomSnpS4_APQ8084_LPDDR2800_7GB_sqcif,,
ARM_QcomSnpS4_MSM8992_LPDDR2933_2GB,1.5,ARM,8,64,1,64,8,64,1,128,12,64,6,3,2,LPDDR2,933,6,ARM_QcomSnpS4_MSM8992_LPDDR2933_2GB_sqcif,sqcif,86708
ARM_QcomSnpS4_MSM8992_LPDDR2933_3GB,1.5,ARM,8,64,1,64,8,64,1,128,12,64,6,3,3,LPDDR2,933,6,ARM_QcomSnpS4_MSM8992_LPDDR2933_3GB_sqcif,sqcif,86708
ARM_QcomSnpS4_MSM8992_LPDDR2933_4GB,1.5,ARM,8,64,1,64,8,64,1,128,12,64,6,3,4,LPDDR2,933,6,ARM_QcomSnpS4_MSM8992_LPDDR2933_4GB_sqcif,sqcif,86708
ARM_QcomSnpS4_MSM8992_LPDDR2933_6GB,1.5,ARM,8,64,1,64,8,64,1,128,12,64,6,3,6,LPDDR2,933,6,ARM_QcomSnpS4_MSM8992_LPDDR2933_6GB_sqcif,sqcif,86708
ARM_QcomSnpS4_MSM8992_LPDDR2933_7GB,1.5,ARM,8,64,1,64,8,64,1,128,12,64,6,3,7,LPDDR2,933,6,ARM_QcomSnpS4_MSM8992_LPDDR2933_7GB_sqcif,sqcif,86708
ARM_QcomSnpS4_MSM8994_LPDDR31600_2GB,1.75,ARM,8,64,1,64,8,64,1,128,12,64,8,3,2,LPDDR3,1600,8,ARM_QcomSnpS4_MSM8994_LPDDR31600_2GB_sqcif,sqcif,74216
ARM_QcomSnpS4_MSM8994_LPDDR31600_3GB,1.75,ARM,8,64,1,64,8,64,1,128,12,64,8,3,3,LPDDR3,1600,8,ARM_QcomSnpS4_MSM8994_LPDDR31600_3GB_sqcif,sqcif,74216
ARM_QcomSnpS4_MSM8994_LPDDR31600_4GB,1.75,ARM,8,64,1,64,8,64,1,128,12,64,8,3,4,LPDDR3,1600,8,ARM_QcomSnpS4_MSM8994_LPDDR31600_4GB_sqcif,sqcif,74216
ARM_QcomSnpS4_MSM8994_LPDDR31600_6GB,1.75,ARM,8,64,1,64,8,64,1,128,12,64,8,3,6,LPDDR3,1600,8,ARM_QcomSnpS4_MSM8994_LPDDR31600_6GB_sqcif,sqcif,74216
ARM_QcomSnpS4_MSM8994_LPDDR31600_7GB,1.75,ARM,8,64,1,64,8,64,1,128,12,64,8,3,7,LPDDR3,1600,8,ARM_QcomSnpS4_MSM8994_LPDDR31600_7GB_sqcif,sqcif,74216
ARM_QcomSnpS4_MSM8996_LPDDR31866_2GB,1.75,ARM,8,64,1,4,8,64,1,16,16,64,4,2,2,LPDDR3,1866,4,ARM_QcomSnpS4_MSM8996_LPDDR31866_2GB_sqcif,sqcif,132444
ARM_QcomSnpS4_MSM8996_LPDDR31866_3GB,1.75,ARM,8,64,1,4,8,64,1,16,16,64,4,2,3,LPDDR3,1866,4,ARM_QcomSnpS4_MSM8996_LPDDR31866_3GB_sqcif,sqcif,132444
ARM_QcomSnpS4_MSM8996_LPDDR31866_4GB,1.75,ARM,8,64,1,4,8,64,1,16,16,64,4,2,4,LPDDR3,1866,4,ARM_QcomSnpS4_MSM8996_LPDDR31866_4GB_sqcif,sqcif,132444
ARM_QcomSnpS4_MSM8996_LPDDR31866_6GB,1.75,ARM,8,64,1,4,8,64,1,16,16,64,4,2,6,LPDDR3,1866,4,ARM_QcomSnpS4_MSM8996_LPDDR31866_6GB_sqcif,sqcif,132444
ARM_QcomSnpS4_MSM8996_LPDDR31866_7GB,1.75,ARM,8,64,1,4,8,64,1,16,16,64,4,2,7,LPDDR3,1866,4,ARM_QcomSnpS4_MSM8996_LPDDR31866_7GB_sqcif,sqcif,132444
ARM_AppleA10_APL1W24_LPDDR31600_2GB,2.34,ARM,8,64,1,64,8,64,1,1024,16,64,4,4,2,LPDDR3,1600,4,ARM_AppleA10_APL1W24_LPDDR31600_2GB_sqcif,sqcif,55488
ARM_AppleA10_APL1W24_LPDDR31600_3GB,2.34,ARM,8,64,1,64,8,64,1,1024,16,64,4,4,3,LPDDR3,1600,4,ARM_AppleA10_APL1W24_LPDDR31600_3GB_sqcif,sqcif,55488
ARM_AppleA10_APL1W24_LPDDR31600_4GB,2.34,ARM,8,64,1,64,8,64,1,1024,16,64,4,4,4,LPDDR3,1600,4,ARM_AppleA10_APL1W24_LPDDR31600_4GB_sqcif,sqcif,55488
ARM_AppleA10_APL1W24_LPDDR31600_6GB,2.34,ARM,8,64,1,64,8,64,1,1024,16,64,4,4,6,LPDDR3,1600,4,ARM_AppleA10_APL1W24_LPDDR31600_6GB_sqcif,sqcif,55488
ARM_AppleA10_APL1W24_LPDDR31600_7GB,2.34,ARM,8,64,1,64,8,64,1,1024,16,64,4,4,7,LPDDR3,1600,4,ARM_AppleA10_APL1W24_LPDDR31600_7GB_sqcif,sqcif,55488
ARM_AppleA9_APL0898_LPDDR31600_2GB,1.85,ARM,8,64,1,64,8,64,1,1024,16,64,2,4,2,LPDDR3,1600,2,ARM_AppleA9_APL0898_LPDDR31600_2GB_sqcif,sqcif,70276
ARM_AppleA9_APL0898_LPDDR31600_3GB,1.85,ARM,8,64,1,64,8,64,1,1024,16,64,2,4,3,LPDDR3,1600,2,ARM_AppleA9_APL0898_LPDDR31600_3GB_sqcif,sqcif,70276
ARM_AppleA9_APL0898_LPDDR31600_4GB,1.85,ARM,8,64,1,64,8,64,1,1024,16,64,2,4,4,LPDDR3,1600,2,ARM_AppleA9_APL0898_LPDDR31600_4GB_sqcif,sqcif,70276
ARM_AppleA9_APL0898_LPDDR31600_6GB,1.85,ARM,8,64,1,64,8,64,1,1024,16,64,2,4,6,LPDDR3,1600,2,ARM_AppleA9_APL0898_LPDDR31600_6GB_sqcif,sqcif,70276
ARM_AppleA9_APL0898_LPDDR31600_7GB,1.85,ARM,8,64,1,64,8,64,1,1024,16,64,2,4,7,LPDDR3,1600,2,ARM_AppleA9_APL0898_LPDDR31600_7GB_sqcif,sqcif,70276
ARM_AppleA8X_APL1012_LPDDR31600_2GB,1.5,ARM,8,64,1,64,8,64,1,1024,16,64,3,4,2,LPDDR3,1600,3,ARM_AppleA8X_APL1012_LPDDR31600_2GB_sqcif,sqcif,86617
ARM_AppleA8X_APL1012_LPDDR31600_3GB,1.5,ARM,8,64,1,64,8,64,1,1024,16,64,3,4,3,LPDDR3,1600,3,ARM_AppleA8X_APL1012_LPDDR31600_3GB_sqcif,sqcif,86617
ARM_AppleA8X_APL1012_LPDDR31600_4GB,1.5,ARM,8,64,1,64,8,64,1,1024,16,64,3,4,4,LPDDR3,1600,3,ARM_AppleA8X_APL1012_LPDDR31600_4GB_sqcif,sqcif,86617
ARM_AppleA8X_APL1012_LPDDR31600_6GB,1.5,ARM,8,64,1,64,8,64,1,1024,16,64,3,4,6,LPDDR3,1600,3,ARM_AppleA8X_APL1012_LPDDR31600_6GB_sqcif,sqcif,86617
ARM_AppleA8X_APL1012_LPDDR31600_7GB,1.5,ARM,8,64,1,64,8,64,1,1024,16,64,3,4,7,LPDDR3,1600,3,ARM_AppleA8X_APL1012_LPDDR31600_7GB_sqcif,sqcif,86617
ARM_AppleA8_APL1011_LPDDR31600_2GB,1.1,ARM,8,64,1,64,8,64,1,1024,16,64,2,4,2,LPDDR3,1600,2,ARM_AppleA8_APL1011_LPDDR31600_2GB_sqcif,sqcif,118012
ARM_AppleA8_APL1011_LPDDR31600_3GB,1.1,ARM,8,64,1,64,8,64,1,1024,16,64,2,4,3,LPDDR3,1600,2,ARM_AppleA8_APL1011_LPDDR31600_3GB_sqcif,sqcif,118012
ARM_AppleA8_APL1011_LPDDR31600_4GB,1.1,ARM,8,64,1,64,8,64,1,1024,16,64,2,4,4,LPDDR3,1600,2,ARM_AppleA8_APL1011_LPDDR31600_4GB_sqcif,sqcif,118012
ARM_AppleA8_APL1011_LPDDR31600_6GB,1.1,ARM,8,64,1,64,8,64,1,1024,16,64,2,4,6,LPDDR3,1600,2,ARM_AppleA8_APL1011_LPDDR31600_6GB_sqcif,sqcif,118012
ARM_AppleA8_APL1011_LPDDR31600_7GB,1.1,ARM,8,64,1,64,8,64,1,1024,16,64,2,4,7,LPDDR3,1600,2,ARM_AppleA8_APL1011_LPDDR31600_7GB_sqcif,sqcif,118012
ARM_AppleA7_APL0698_LPDDR31600_2GB,1.3,ARM,8,64,1,64,8,64,1,512,16,64,2,4,2,LPDDR3,1600,2,ARM_AppleA7_APL0698_LPDDR31600_2GB_sqcif,sqcif,99852
ARM_AppleA7_APL0698_LPDDR31600_3GB,1.3,ARM,8,64,1,64,8,64,1,512,16,64,2,4,3,LPDDR3,1600,2,ARM_AppleA7_APL0698_LPDDR31600_3GB_sqcif,sqcif,99852
ARM_AppleA7_APL0698_LPDDR31600_4GB,1.3,ARM,8,64,1,64,8,64,1,512,16,64,2,4,4,LPDDR3,1600,2,ARM_AppleA7_APL0698_LPDDR31600_4GB_sqcif,sqcif,99852
ARM_AppleA7_APL0698_LPDDR31600_6GB,1.3,ARM,8,64,1,64,8,64,1,512,16,64,2,4,6,LPDDR3,1600,2,ARM_AppleA7_APL0698_LPDDR31600_6GB_sqcif,sqcif,99852
ARM_AppleA7_APL0698_LPDDR31600_7GB,1.3,ARM,8,64,1,64,8,64,1,512,16,64,2,4,7,LPDDR3,1600,2,ARM_AppleA7_APL0698_LPDDR31600_7GB_sqcif,sqcif,99852
ARM_AppleA6_APL0598_LPDDR21066_2GB,1.3,ARM,8,64,1,32,8,64,1,512,16,64,2,1,2,LPDDR2,1066,2,ARM_AppleA6_APL0598_LPDDR21066_2GB_sqcif,,
ARM_AppleA6_APL0598_LPDDR21066_3GB,1.3,ARM,8,64,1,32,8,64,1,512,16,64,2,1,3,LPDDR2,1066,2,ARM_AppleA6_APL0598_LPDDR21066_3GB_sqcif,,
ARM_AppleA6_APL0598_LPDDR21066_4GB,1.3,ARM,8,64,1,32,8,64,1,512,16,64,2,1,4,LPDDR2,1066,2,ARM_AppleA6_APL0598_LPDDR21066_4GB_sqcif,,
ARM_AppleA6_APL0598_LPDDR21066_6GB,1.3,ARM,8,64,1,32,8,64,1,512,16,64,2,1,6,LPDDR2,1066,2,ARM_AppleA6_APL0598_LPDDR21066_6GB_sqcif,,
ARM_AppleA6_APL0598_LPDDR21066_7GB,1.3,ARM,8,64,1,32,8,64,1,512,16,64,2,1,7,LPDDR2,1066,2,ARM_AppleA6_APL0598_LPDDR21066_7GB_sqcif,,
ARM_AppleA5_APL7498_LPDDR2800_2GB,1,ARM,8,64,1,32,8,64,1,1024,16,64,1,1,2,LPDDR2,800,1,ARM_AppleA5_APL7498_LPDDR2800_2GB_sqcif,,
ARM_AppleA5_APL7498_LPDDR2800_3GB,1,ARM,8,64,1,32,8,64,1,1024,16,64,1,1,3,LPDDR2,800,1,ARM_AppleA5_APL7498_LPDDR2800_3GB_sqcif,,
ARM_AppleA5_APL7498_LPDDR2800_4GB,1,ARM,8,64,1,32,8,64,1,1024,16,64,1,1,4,LPDDR2,800,1,ARM_AppleA5_APL7498_LPDDR2800_4GB_sqcif,,
ARM_AppleA5_APL7498_LPDDR2800_6GB,1,ARM,8,64,1,32,8,64,1,1024,16,64,1,1,6,LPDDR2,800,1,ARM_AppleA5_APL7498_LPDDR2800_6GB_sqcif,,
ARM_AppleA5_APL7498_LPDDR2800_7GB,1,ARM,8,64,1,32,8,64,1,1024,16,64,1,1,7,LPDDR2,800,1,ARM_AppleA5_APL7498_LPDDR2800_7GB_sqcif,,
ARM_AppleA4_APL0398_LPDDR2400_2GB,1,ARM,8,64,1,32,8,64,1,512,16,64,1,1,2,LPDDR2,400,1,ARM_AppleA4_APL0398_LPDDR2400_2GB_sqcif,,
ARM_AppleA4_APL0398_LPDDR2400_3GB,1,ARM,8,64,1,32,8,64,1,512,16,64,1,1,3,LPDDR2,400,1,ARM_AppleA4_APL0398_LPDDR2400_3GB_sqcif,,
ARM_AppleA4_APL0398_LPDDR2400_4GB,1,ARM,8,64,1,32,8,64,1,512,16,64,1,1,4,LPDDR2,400,1,ARM_AppleA4_APL0398_LPDDR2400_4GB_sqcif,,
ARM_AppleA4_APL0398_LPDDR2400_6GB,1,ARM,8,64,1,32,8,64,1,512,16,64,1,1,6,LPDDR2,400,1,ARM_AppleA4_APL0398_LPDDR2400_6GB_sqcif,,
ARM_AppleA4_APL0398_LPDDR2400_7GB,1,ARM,8,64,1,32,8,64,1,512,16,64,1,1,7,LPDDR2,400,1,ARM_AppleA4_APL0398_LPDDR2400_7GB_sqcif,,
ARM_AMDOpteronA57_A1120_DDR41866_2GB,1.7,ARM,8,64,1,32,8,64,1,1024,16,64,4,8,2,DDR4,1866,4,ARM_AMDOpteronA57_A1120_DDR41866_2GB_sqcif,sqcif,76972
ARM_AMDOpteronA57_A1120_DDR41866_3GB,1.7,ARM,8,64,1,32,8,64,1,1024,16,64,4,8,3,DDR4,1866,4,ARM_AMDOpteronA57_A1120_DDR41866_3GB_sqcif,sqcif,76972
ARM_AMDOpteronA57_A1120_DDR41866_4GB,1.7,ARM,8,64,1,32,8,64,1,1024,16,64,4,8,4,DDR4,1866,4,ARM_AMDOpteronA57_A1120_DDR41866_4GB_sqcif,sqcif,76972
ARM_AMDOpteronA57_A1120_DDR41866_6GB,1.7,ARM,8,64,1,32,8,64,1,1024,16,64,4,8,6,DDR4,1866,4,ARM_AMDOpteronA57_A1120_DDR41866_6GB_sqcif,sqcif,76972
ARM_AMDOpteronA57_A1120_DDR41866_7GB,1.7,ARM,8,64,1,32,8,64,1,1024,16,64,4,8,7,DDR4,1866,4,ARM_AMDOpteronA57_A1120_DDR41866_7GB_sqcif,sqcif,76972
ARM_AMDOpteronA57_A1150_DDR41866_2GB,1.7,ARM,8,64,1,32,8,64,1,1024,16,64,8,8,2,DDR4,1866,8,ARM_AMDOpteronA57_A1150_DDR41866_2GB_sqcif,sqcif,76972
ARM_AMDOpteronA57_A1150_DDR41866_3GB,1.7,ARM,8,64,1,32,8,64,1,1024,16,64,8,8,3,DDR4,1866,8,ARM_AMDOpteronA57_A1150_DDR41866_3GB_sqcif,sqcif,76972
ARM_AMDOpteronA57_A1150_DDR41866_4GB,1.7,ARM,8,64,1,32,8,64,1,1024,16,64,8,8,4,DDR4,1866,8,ARM_AMDOpteronA57_A1150_DDR41866_4GB_sqcif,sqcif,76972
ARM_AMDOpteronA57_A1150_DDR41866_6GB,1.7,ARM,8,64,1,32,8,64,1,1024,16,64,8,8,6,DDR4,1866,8,ARM_AMDOpteronA57_A1150_DDR41866_6GB_sqcif,sqcif,76972
ARM_AMDOpteronA57_A1150_DDR41866_7GB,1.7,ARM,8,64,1,32,8,64,1,1024,16,64,8,8,7,DDR4,1866,8,ARM_AMDOpteronA57_A1150_DDR41866_7GB_sqcif,sqcif,76972
ARM_AMDOpteronA57_A1170_DDR41866_2GB,2,ARM,8,64,1,32,8,64,1,1024,16,64,8,8,2,DDR4,1866,8,ARM_AMDOpteronA57_A1170_DDR41866_2GB_sqcif,sqcif,65468
ARM_AMDOpteronA57_A1170_DDR41866_3GB,2,ARM,8,64,1,32,8,64,1,1024,16,64,8,8,3,DDR4,1866,8,ARM_AMDOpteronA57_A1170_DDR41866_3GB_sqcif,sqcif,65468
ARM_AMDOpteronA57_A1170_DDR41866_4GB,2,ARM,8,64,1,32,8,64,1,1024,16,64,8,8,4,DDR4,1866,8,ARM_AMDOpteronA57_A1170_DDR41866_4GB_sqcif,sqcif,65468
ARM_AMDOpteronA57_A1170_DDR41866_6GB,2,ARM,8,64,1,32,8,64,1,1024,16,64,8,8,6,DDR4,1866,8,ARM_AMDOpteronA57_A1170_DDR41866_6GB_sqcif,sqcif,65468
ARM_AMDOpteronA57_A1170_DDR41866_7GB,2,ARM,8,64,1,32,8,64,1,1024,16,64,8,8,7,DDR4,1866,8,ARM_AMDOpteronA57_A1170_DDR41866_7GB_sqcif,sqcif,65468
